blinking,avg_EAR,avg_MAR,avg_PUC,avg_MOE,avg_Vertical Tilt,avg_Horizontal Tilt,std_EAR,std_MAR,std_PUC,std_MOE,std_Vertical Tilt,std_Horizontal Tilt,avg_delta,avg_theta,avg_alpha,avg_beta,avg_hjorth_activity,avg_hjorth_mobility,avg_hjorth_complexity,avg_DFA,avg_PFD,avg_LZC,avg_HFD,avg_sample_entropy,avg_fuzzy_entropy,avg_spectral_entropy,avg_wave_entropy,avg_mean_hr,avg_std_hr,avg_cvsd,avg_nni_20,avg_nni_50,avg_pnni_20,avg_pnni_50,avg_lf,avg_hf,avg_lf_hf_ratio,std_mean_hr,std_std_hr,std_cvsd,std_nni_20,std_nni_50,std_pnni_20,std_pnni_50,std_lf,std_hf,std_lf_hf_ratio,avg_VAR,avg_RMS,avg_IEMG,avg_MAV,avg_LOG,avg_WL,avg_ACC,avg_DASDV,avg_ZC,avg_MNP,avg_TP,avg_MNF,avg_MDF,avg_PKF,avg_WENT,std_VAR,std_RMS,std_IEMG,std_MAV,std_LOG,std_WL,std_ACC,std_DASDV,std_ZC,std_MNP,std_TP,std_MNF,std_MDF,std_PKF,std_WENT
19.25405598817337,0.2438456281474895,0.327033203606086,0.4916431262492591,1.437893975234486,-0.02827612677738522,-0.002189856957084682,0.04435058460985654,0.03379455264412112,0.02708067675222093,0.6128713526791483,0.009782229749432996,0.005647776288800186,52.565277254815726,19.155277028265463,16.01101507745226,51.888420707225045,0.9184516049999135,0.3050707522613342,3.528025553689691,1.2101274061260354,1.016326503721601,0.43145967923738987,2.0188483791386727,0.5464317650009788,0.5679517451073297,6.662194684093028,1.350905516138039,72.99886175462676,451.56749209097165,0.08663247532647173,8.746438746438747,4.717948717948718,69.45900525651656,38.44350717528194,1017.1873276651608,,,6.807564392377725,2163.586392959013,0.08189354850089628,2.8134966981941574,2.4137999047717553,16.579403520458953,19.508633104036118,5349.758347568521,,,51855.032236257975,182.3207882372374,191743.13046465602,102.26300291448321,4.893043528390951,38600.99461814466,20.58719712967715,39.62087282599722,204.43304843304844,47543.702924588135,48637208.09185366,3.2031063904272603,1.9404310786146723,0.91552734375,1.0004013713261521,83996.82959984083,136.48093537204596,140433.34655586863,74.8977848297966,1.6008647685059096,20320.48259584197,10.837590717782385,24.549041537475674,94.22565169695353,76985.70155404611,78756372.68978916,2.160968309668885,2.24618253024183,1.7627462069094033,0.43971809906393433
5.627012673960943,0.2888988668800015,0.2369318931172085,0.6483344432656685,0.8351947672716185,-0.0492421304135595,-0.016150092494578563,0.02750663786375558,0.019113712665608993,0.049135168945842474,0.19098937243726724,0.007769301144017992,0.004764459840424602,66.6498379081441,29.994787230854854,31.030937914894395,117.54267680764639,0.8260633136026599,0.36756908914210573,4.312604297189921,1.165205762605796,1.017740243825685,0.4414251088890469,2.0064727240997655,0.8354449524203588,1.1212861257496496,5.653166898924053,1.3117251421665561,64.17508281500089,1549.4729978606827,0.11265313970634226,8.122159090909092,5.926136363636363,81.87895345148019,60.79956119248399,2187.6044365105704,,,10.637932170393992,1797.933903609646,0.06708033100989175,2.7260043807340057,2.2092776646648056,15.872981670242323,18.141396626732206,2259.78187671782,,,1915.772508076111,36.50668365503043,45337.68831619185,24.18010043530232,3.028523957954576,22861.690944037855,12.192901836820191,16.92165147090644,383.71022727272725,1756.1215253749072,1796512.32045853,6.956392971132348,4.058837890625,5.157990889115767,1.6891483664847442,4389.989840583782,24.151599393679266,25995.858168884588,13.86445769007178,0.5900366037739097,6810.01978608623,3.632010552579323,5.885660365603675,92.99566893601786,4023.3991414907864,4115937.3217450753,3.1381577434610457,3.60795643300558,9.026452228607333,0.38748688765412687
19.72862779069877,0.24660154699004516,0.27288169251940203,0.5583989533050003,1.2034154399299868,-0.05670398630195955,-0.007202854708935415,0.04491131397968963,0.056931743550271814,0.03243677199812697,0.6844882141152929,0.007267792802791186,0.0044584979653332964,60.00328534452118,26.860404201555795,27.173095642672916,154.1351987701496,0.7660634748544224,0.611646869143533,1.7134101459890212,0.9259387392120392,1.020216086695206,0.35233020979831675,2.0538005389341074,0.884702358036978,0.5319950539063883,6.1453860708865875,1.2879043571023863,115.65872684412624,1805.1778873510925,0.25965114674609463,3.5660919540229883,2.867816091954023,49.01013861400058,40.94306599951417,4313.841249583622,,,42.06847790809204,4172.994094778881,0.18846313833371522,2.8413408912888247,2.069149097857942,30.387578618241083,26.486868759336037,8810.965582289315,,,11169.254052695307,98.61169430129122,133883.51714690353,71.40454247834855,5.086134099277337,41512.02266214623,22.139745419811327,36.912042714518485,179.79022988505747,10237.915265398748,10473387.316502916,4.1994493552173955,2.3701985677083335,1.1268703416846264,1.343626530926118,12661.389942341333,38.029213556600745,45208.422765680145,24.111158808362745,0.5954566550623219,20863.50226302508,11.127201206946708,24.39054959091566,40.57608458411233,11603.53420259068,11870415.489250265,1.9191337113277125,2.0071439160622293,0.46481279439193685,0.2888737581202858
10.271186440677965,0.26898383054807523,0.23630986105110513,0.5481086188693238,0.9165633190448437,-0.04126297358185192,-0.0016960423300481104,0.03422553288902152,0.04809141299010239,0.028415959454719864,0.4020687341086909,0.008161939882018895,0.007053253317418571,88.78925890630667,27.872134978433923,21.821168807054292,68.06884445582698,0.9286837162128186,0.23234918958716136,4.181177076014696,1.3161094954606636,1.0138875446964384,0.32550148982599714,1.991498535684965,0.3785983683074287,0.4613629393028269,6.048764729607424,1.370867714886134,74.0779142943046,834.0510375888822,0.08996215462454472,10.872832369942197,6.485549132947977,78.8008778500958,47.38033984697534,807.9640938289424,,,7.291547591807277,1372.7713021381144,0.038746727798874586,2.580722567789913,2.291242277115505,13.61046904231573,15.357823543990516,1082.2051561057685,,,1855.7679089395049,29.673479862248843,38188.25727656134,20.36707054749938,2.8282480059576547,21955.595010387337,11.709650672206578,17.56066924534551,365.6965317919075,1700.9500586181966,1740071.909966415,8.546632065107158,6.469550160314307,1.8349355355852601,2.032228654221636,12088.849325898755,31.23161895909528,31155.991584676547,16.61652884516083,0.6253072238125691,13618.63678639617,7.2632729527446225,12.632358259763526,87.77347249323492,11078.576106177203,11333383.356619276,2.6257644613367495,3.735911795029307,3.227677063496509,0.21573927981293523
15.406804106218717,-0.8758420499293437,-0.8605381816266001,-0.5467243667316526,0.047612130903250456,-1.1776747769690352,-1.1174676716197354,33.32253031178695,33.323038888673224,33.333493788128095,33.358659004747715,33.312433832513385,33.31444150254543,64.42340236130285,27.61257039244482,30.324213777783296,142.21219122713302,0.894548808384255,0.3545091541807166,4.147014308638286,1.3025778877089715,1.016226637927289,0.34199467076388496,1.9793363517061537,0.36290623127558846,0.42566216447427435,6.882931444111793,1.3326422791830197,118.41842369775108,1637.307049104786,0.2513334859769782,3.3133903133903133,2.675213675213675,45.51339604325103,37.9304670142105,4012.084288826426,,,40.418017806366585,3575.196582634499,0.20402366672147082,2.606985501697318,1.9878364872926164,30.219974817063378,26.465654010672207,7902.334345808582,,,31827.51936288995,124.01696551974258,156018.00136265846,83.20960072675118,5.25018414938397,34939.483225908705,18.63439105381797,35.71159643902433,149.65811965811966,29174.138782340513,29845143.974334348,2.9264471938841425,1.662555922809829,1.0422926682692308,0.9619548643595411,115052.0940816271,128.26195266685193,108485.74335973144,57.8590631251901,1.131029842198659,22859.002527716963,12.19146801478238,93.20098128770924,52.34024600104655,105442.4809498787,107867658.01172592,1.5460555703394747,1.6078232669912393,0.5840030762814652,0.312208170496294
22.270976732799124,0.25019963173460447,0.2638178373708412,0.5644972422736704,1.1413329286124085,-0.05984317139775012,-0.006200617842173517,0.04908097905912648,0.05277617895762355,0.03418407603555783,0.5456219129762949,0.008139655707526486,0.00565946694885119,114.31104115693212,44.74623042139691,32.0311876485605,75.83953316971339,0.9922533916909577,0.24267396562846208,3.3409379424665304,1.1690156460606569,1.0156578765298587,0.46057309742819025,2.029982384770748,0.6295558620290238,0.4841574591743097,5.24809039190955,1.3799486718934981,85.67062674324634,2127.3595890633537,0.1332236603028745,7.1164772727272725,4.84375,62.34351205649668,42.86712507634967,2967.053162781869,,,25.249278101512957,3385.8776370105115,0.11198157377331855,3.525968770736738,2.5194731648519477,25.761231357661966,19.927916354530993,5301.159707259976,,,34920.26319176811,160.28687065435787,203806.5791060332,108.69684218988438,5.765989551506755,43972.55320218201,23.452028374497072,36.61890383089109,139.95738636363637,32009.397259003887,32745613.39596097,3.096448945367031,1.891569657759233,1.3866424560546875,1.1196213212906698,51271.28798072783,96.08730374644723,115080.51930638887,61.3762769634074,1.1785527086986063,21065.39116009138,11.234875285382069,19.694331351346186,32.68862920852665,46989.937762080226,48070706.33060806,0.5513884085962235,0.5120741647614807,0.6423796670652907,0.19659839180812538
10.964122389326294,-1.0934489853535723,-1.1287359568366095,-0.703158382073637,-0.4628457118674037,-1.4620011173166982,-1.4157208606596785,37.18932085086982,37.18800450774707,37.20390841777758,37.21480912706066,37.175586336685264,37.17729843801977,90.47622242153534,35.17587434094832,32.973873686875216,127.70049618272618,0.9679655860959211,0.3628018748626664,3.559736418704801,1.138941676407805,1.017912728368829,0.4812751097002206,2.0230334260915677,0.7925204906404214,0.9667749766598409,5.307099564012362,1.3293753707393465,79.84711487143046,729.7638223970287,0.089052458312453,10.6875,6.09375,74.29249786854716,43.216156723832896,919.2201934958132,1.0064493482901185,40.505948448813406,5.0343557688235006,938.2557513890139,0.03364670697487266,2.5923976485450333,2.193680392576076,12.793915074347158,15.964372653242973,978.0402347345444,1.125475846282403,21.031793328018466,5521.750485286516,53.824557292584366,65783.73356287643,35.08465790020077,3.490656336103037,26110.915726874464,13.925821720999714,19.73962754307988,336.8068181818182,5062.3231673123055,5178756.600160488,6.06571621493929,3.7514079700816763,5.963585593483665,1.5060568849226428,24474.967664876614,51.24301435438315,49460.5706656394,26.37897102167435,0.7044161992192299,7246.86013911853,3.864992074196549,8.820959924382054,117.2910238325773,22430.950250264537,22946862.106020622,3.451837257364542,3.501354137505809,9.863322957495056,0.5367086644128403
8.948984011600535,0.28725532658388564,0.2443346423939288,0.6522845849273422,0.8988550056651793,-0.046648036616275784,-0.023707309954492155,0.04124987438120834,0.02796135111411758,0.06290315758973633,0.38130594199580065,0.011051778220781218,0.004040342500984846,44.06565459668219,12.090397080379999,6.179239132545582,17.843087123545942,0.8445015763633298,0.39434918445381556,3.516316697468557,1.1371357350143787,1.0197524534475033,0.3070212753690958,2.0089369775597503,0.6953356182070918,0.7883901968862331,4.336164616731652,1.2888057125339858,90.63669299591118,154.51158781893798,0.0742039347146808,12.130681818181818,5.417613636363637,68.54391687281587,30.95333088486981,254.92648750375156,0.8243022449300295,34.985814315664804,2.4983400271446587,202.8427327468885,0.015097467002135934,2.5517310503471533,2.1973711019793742,13.908482205266209,13.071081377948731,234.51392400145312,1.0425983314662548,21.478007914565612,4870.8412950922,66.27540807942532,77249.4638904447,41.199714074903845,3.7320641089638062,37794.55340176987,20.157095147610594,37.09434757243293,267.07670454545456,4464.4005780283305,4567081.791322982,9.943978687686217,9.52547246759588,4.4524452903053975,1.993224997426507,6426.77036118485,21.881142760577482,32142.674170002014,17.142759557334408,0.5942163659711658,10995.446094675377,5.864237917160202,6.398787119122564,67.57207702657536,5890.621572044707,6026105.8682017345,1.8463123574186984,2.6832158580069416,2.3599721579317468,0.17461494975301697
4.37535330695308,-0.29992134758187466,-0.34244614054496086,0.025237654093468863,0.29800817449580774,-0.6320707576914031,-0.6090818688553294,24.161640901743112,24.16063216322166,24.169533910716673,24.17870960054243,24.153592721422246,24.15414721893679,26.61594423724569,10.72724445682613,8.157739643051105,22.183641793904087,0.8054735280680033,0.4542032696555974,2.737432400007375,1.0581255231331685,1.019187529133413,0.39144924318937885,2.040110661620252,0.7515157420041998,0.7182139951320584,3.7006325428803195,1.2597361384593742,92.68314151862886,146.10708969977009,0.0683533191139586,11.715909090909092,4.3835227272727275,63.33020365588575,23.943727423423276,234.65766726402143,0.8075011909595325,34.750615071342914,2.108372957806267,242.2021278356801,0.014290630627899781,2.605496217074606,2.1619280850523257,12.930923445540484,12.028121866561543,227.7116404203668,1.0160699236188842,21.1696311492372,17291.234167496146,93.48290199464624,102347.65992345352,54.58541862584188,3.9667791849989866,39799.683073982094,21.226497639457115,41.40371398448969,229.48295454545453,15853.477289661305,16218107.267323513,8.829785959336387,8.22691483931108,4.39574501731179,1.8758984599029593,66650.1344154133,92.50082857544379,87785.84109346921,46.81911524985024,0.9451888413533136,15438.842239783397,8.234049194551146,25.97464616445961,56.952778928111115,61101.06991768339,62506394.52579011,2.675793290191999,3.399832470587475,3.17517975522519,0.3459301406315098
11.491525423728813,0.278884135428718,0.2324569062804235,0.5744885893942928,0.8646897482654221,-0.05081240684455071,0.0017091076416753735,0.03829399257347592,0.030272911419435417,0.03442684140665211,0.2721493611261735,0.01195146675142538,0.00965740767799216,50.96768455467356,17.16407937392977,13.21878004774826,53.91445839836166,0.8299151222096312,0.554739132110269,2.105923055692178,0.9737888476281517,1.019814413658876,0.366716653461733,2.0384824526538687,0.9065285113040288,0.8938439683481435,4.779739922574772,1.2857473490322768,93.30172757938439,176.84873869677392,0.06521782097943028,10.232954545454545,3.7301136363636362,54.89967804037492,20.39525885991652,215.50522410725964,1.0217959129354028,40.52500684236557,2.061256437629215,269.0949865822728,0.01700819860698552,2.599660012338549,2.0431153764856824,14.164714076566835,11.786710697832117,208.60226056686017,1.1495198808606353,20.935575138255086,10670.287150125741,73.30455388230106,90620.84857441745,48.33111923968931,4.022667800191332,37205.30336859394,19.8428284632501,34.4578976425148,241.66477272727272,9779.787982506718,10004723.10610437,8.199116934713567,7.083372636274858,2.9893354936079546,1.9759007630621506,79892.72479870584,72.78372474836392,91264.1949282018,48.67423729504097,0.855652087121809,12802.909723562298,6.828218519233226,8.962754927310357,55.31065272163946,73219.24222272106,74903284.79384364,1.7527139506215705,2.544298255743914,2.3364386032781668,0.23780537885454195
17.220014688988908,0.18689030925285344,0.25537502880819524,0.525562135322512,1.4936663098837273,-0.05491390277748475,-0.0047433516684067594,0.04565929192583439,0.04258590236045133,0.03043143496768388,0.6759963060092558,0.00680500528667797,0.006914590647964936,70.59787436047672,23.240951797988625,18.367904480030713,59.59474673283234,0.9389672233913576,0.2533641156703826,4.0666661352897195,1.3267420806805386,1.0140761434373298,0.27482707822717806,1.987582833772331,0.30301147622435687,0.33140471423224777,6.057206451145599,1.3746603470849343,64.85157441567081,792.6293068415642,0.09006665353716475,8.814814814814815,5.347578347578348,77.43485463570934,47.36874315934145,1026.834448906536,1.1658127577825843,41.52691645239218,7.780300266833272,1108.5388819044656,0.059207794698730755,2.4789501057252257,2.0572957117466264,13.525578212822467,16.178073887906432,1548.4575293684795,1.4458410543853837,22.29868647982785,57511.39889231725,198.23446834369145,261512.27423527068,139.4732129254777,6.499668352809461,56902.01294318497,30.34774023636532,49.50200591537582,134.01709401709402,52723.83159491216,53936479.72159513,3.339600665572849,1.718200509704416,0.8889222756410257,1.1738557425748795,122240.05096299824,135.0014335091903,159599.55890642988,85.11976475009594,1.4654241443929794,24137.02707534962,12.873081106853132,19.734094291781286,31.07714403840471,112042.27882887282,114619251.24193688,0.9681788582618349,0.5600506020510864,0.3917827416270697,0.30805687031392515
21.45762711864407,0.2243025133704274,0.27012450461622417,0.5513421817663935,1.2832107185832418,-0.06377926903440949,-0.000731884682245849,0.04249781321126998,0.04472519395645731,0.030070817347287112,0.5021971324098161,0.005589993127848494,0.005714666361237874,136.89743548541853,49.336762904869595,25.825733513771343,68.10239536033599,0.978687560327994,0.26941875473824495,2.7011582460095998,1.1141668756333558,1.0162571262884652,0.4408100888958195,2.020122549198559,0.5345820514309559,0.49150171826702516,5.06638586564593,1.3789691139254392,92.52814029419163,892.5998722996134,0.12462015620473887,5.715909090909091,3.8125,58.27115033937393,41.12673703394793,1622.506083313858,,,35.1107547339659,1902.7637176640021,0.12656872438069372,3.974918134195184,2.684988255433938,30.982885884025446,24.661971144253794,3726.7211800461573,,,7842.351493038561,72.50219272448722,91350.18361419458,48.720097927570436,4.221896712712807,63535.677277233226,33.885694547857725,44.201667091173896,562.0997150997151,7187.511558946358,7352824.324802124,11.009965948576763,9.431931367966524,18.816738726406694,2.0204521704046545,28858.79883864466,50.85400213644334,48465.01544974281,25.848008239862835,0.48202127180220333,7993.348876044652,4.263119400557148,10.197356788216172,76.81070657007052,26447.41502296824,27055705.56849651,4.007003586444655,7.188883329313723,10.055907885329548,0.23595922675705022
22.7547617701916,-0.14409666190094483,-0.09516423586237295,0.14790543935273667,0.8704299658844813,-0.4260621629716574,-0.4038097872642049,19.8878012169653,19.88874919900425,19.893595933050996,19.9136157450254,19.88214889140589,19.882589226210737,84.8218967459698,39.1389543527168,36.725322601955355,127.34100039358582,0.818143783446054,0.2898821607542264,3.410034962828687,1.2021028193451533,1.0149576742997592,0.44540626509520664,2.019618105296891,0.7281555886596581,0.7713274036294503,7.0905566674356555,1.339242687411727,71.77261126684279,1402.937097522465,0.09810364217441632,9.704545454545455,6.4375,78.84491513481318,52.71719263635205,1489.0409094507775,1.2352347875500902,46.19708175329672,7.868066641037901,1512.1401442912313,0.03816161829731407,2.5210887389681598,2.1203994317109216,13.545234893758499,15.266376917705998,1846.8100448014445,1.1035234980604407,20.867988586848313,10473.471726770476,79.3124932053472,104471.41272028064,55.718086784149676,4.630161974009101,31459.85725204396,16.778590534423447,27.813638709513338,167.67897727272728,9599.639534054353,9820431.243337603,4.089011788720777,1.9517378373579546,1.161228526722301,1.2960566231252182,51299.76154048972,64.68280564212682,53729.570365537,28.65577086161974,0.428174212107357,11210.846788945539,5.97911828743762,25.049563738777227,33.16919112464336,47012.25569052048,48093537.571402445,1.6383024643243123,1.9834553508347346,0.2951406021180208,0.23614404227128397
17.966101694915253,0.2237212383322459,0.2718485161155785,0.5598844651818837,1.3296843413848378,-0.07285211629857327,-0.0025073135369536098,0.04359109562337596,0.05258097191168057,0.037970246310864104,0.8380046944311449,0.007619916850005483,0.007003176981855456,91.27090525886122,24.128920444029063,14.121592978071847,42.65199192647305,1.0008016096846442,0.26210633809132805,4.269964176074326,1.2935412447916306,1.0165289955645764,0.3439828787120763,1.9827684123511002,0.4330813080489662,0.4088517458543355,5.206131028685584,1.3604466056795135,103.96257191764848,1130.4476966311354,0.16720530880405995,6.474431818181818,4.161931818181818,54.37793417321061,36.23563721768584,2535.5896912461044,,,31.941563301427372,2294.857791955437,0.16382207388349382,3.984262324204885,2.6283906058973465,26.300560749027795,19.97133408303479,4933.475024427598,,,48732.76133885609,160.6932370940854,184269.90237765215,98.27728126808114,4.911763579073025,41002.69273517516,21.868102792093417,39.715882098308725,185.85511363636363,44673.29939970267,45700785.28589583,3.328376664654849,1.947749744762074,1.07574462890625,1.1433671092356492,146191.32726604576,151.3874119500067,158489.06655229256,84.52750216122269,1.7326000023525556,29063.726827467846,15.500654307982852,34.35280914401024,67.92056713367325,133984.2591761331,137065897.13718414,1.2925400990075246,1.0790194961475916,0.9266295767763449,0.35586156462140556
4.871586199065049,-4.798612360520923,-4.717138357219269,-4.452456722310705,-3.4660073650855794,-5.005781470430626,-4.981722908553785,70.3467268164775,70.35249224683942,70.37119749894646,70.44190954763019,70.3320776850021,70.33377810931874,109.62058162502638,39.30756289346373,33.53604387221279,116.22799440351166,0.9465511269898159,0.25406360757510216,3.768955940102529,1.273723579693625,1.013873299552328,0.34485501471675817,2.007387941211532,0.4107569201772303,0.412665220982563,6.566983298075205,1.3516580176863344,78.49619608715176,1231.1830805005018,0.11372251594600984,8.794285714285714,5.602857142857143,72.66474149100199,47.05481108527327,1745.5691754535032,,,13.780343368788417,1652.7045895757267,0.09380124981443454,3.015762671331403,2.349344676322158,15.773276178862432,16.062585902030413,3527.528093446766,,,17232.19185346618,100.15486958662983,134072.10012829406,71.5051200684235,4.8565673802391425,47527.18578134619,25.347832416717964,38.57743825784583,244.0,15795.92436903929,16159230.629527196,5.2659939022478355,2.9551478794642856,1.2161690848214286,1.5648175103181334,41916.40302391469,84.87315984336747,109058.24541410028,58.16439755418682,1.2808117587566608,27653.67485622962,14.74862658998913,24.98014839071588,68.68815660026739,38417.61784351119,39301223.05391195,2.217415302509232,2.448195901046272,1.6850696039293844,0.33873794626909204
0.20338600026364853,0.13400118406993203,0.23822462307558073,0.5523376785781609,1.8370308974794134,-0.050384531802965614,-0.01950157281048497,0.023652473840805946,0.02796947998572069,0.028645062600138025,0.4357784535510336,0.006100685368890146,0.005195092652108314,78.04940245794943,23.268100839900697,18.200231711960285,62.79629189746725,0.8076954487290485,0.31666323292747717,3.5310991162191647,1.1817135749524426,1.0181964604091982,0.4698588010759365,2.020907538392887,0.7618940112753915,0.7905735411957825,6.395521542882726,1.3597123443737837,84.40221644721456,200.67152092541403,0.07588014001052888,12.113636363636363,6.207386363636363,69.34543213870323,35.643380178258276,265.07081057299735,1.0395717154501918,39.57815025797116,2.593890801637416,241.31605651150025,0.01625271286780987,2.590111519983341,2.406112478628971,13.630101362993475,13.748749925178577,185.91021594440642,1.489227561028194,21.695256248150564,21021.140499345423,112.29341392055335,146145.87019214174,77.9444641024756,5.0357641484541,51710.82409199363,27.579106182396604,41.511743962795656,245.6590909090909,19271.385068539563,19714626.925115973,5.610714181289562,3.0727386474609375,1.1293237859552556,1.6279766398750581,84396.90071641136,91.73551624839297,104558.11383708188,55.764327379777,1.1490279786960258,17809.97204258777,9.498651756046812,17.37676046929071,63.93082845111802,77349.76574752429,79128810.35971735,1.9146904098948219,1.6977616887564135,0.5692050542550497,0.36707830194983376
9.325546345139413,-0.15109127412889398,-0.06689522731942932,0.11692812334732475,0.9997555122545911,-0.4331450782459304,-0.41597810707885097,19.887445179801613,19.889137148158856,19.892764351671264,19.917239642690873,19.88181639289656,19.882156999050217,72.94944933287017,29.25277256101627,28.06457958543354,104.95367772802031,0.9065792765372924,0.3969514133321472,3.246576240552255,1.137130701518607,1.0191701669666589,0.48698600963733246,2.0223077166736085,0.7937403286201817,0.8552347537163785,6.505620521459632,1.3094169098176938,75.17974371901478,379.2354209716737,0.07562227615176427,11.298295454545455,6.264204545454546,73.46045823234994,40.83558368714619,471.51754751677305,1.0390605595440612,40.50207091635551,3.2352188086685385,474.3952891229116,0.016369070716249223,1.996928733643759,2.47511993354542,13.299804844922443,16.444839297685345,381.76897516205514,1.1204580922178766,22.035798130872177,10957.362312080932,59.46623478472964,77002.46502656104,41.06798134749923,3.8495917301189992,48755.09090308974,26.00271514831453,37.4411280407927,433.84375,10042.855454494975,10273841.129948355,10.668749754827235,9.411898526278408,2.2674907337535513,2.130334796852114,130388.97589698408,86.15022858399207,76927.23916160678,41.02786088619028,0.767585561092112,16642.856636423534,8.87619020609255,19.500929609912138,73.95887997290515,119491.43326510342,122239736.23020083,2.328939533092104,3.270535339046987,3.9558392517593517,0.20850893404425136
5.6705762366139725,-168.85476796187032,-168.84340400018485,-168.6037747678062,-168.1792999230416,-169.10644562727563,-169.06635606921634,374.90788100765695,374.9130073182228,375.0210971364648,375.21261098874675,374.7943550369294,374.8124383040418,81.80485533530954,24.324791521410017,17.072123457449333,52.722545869398196,0.9193510685362698,0.26013110302988635,4.247178397721005,1.2689715897755849,1.0187396366531554,0.38541435950583475,1.9962209733565475,0.7675813914455599,0.7042760949051291,5.000603619945249,1.378074210929251,95.59378168271714,232.69387503302187,0.06319210630645922,8.539772727272727,3.4232954545454546,47.415430124289145,19.269008575852187,239.56716008520272,,,6.218612659244775,329.54921265790233,0.029944754978591136,3.06994372811647,2.019738519074656,17.409778224362668,12.225896484902679,391.20276213845307,,,26423.994657730553,132.8908335422966,178345.97362232205,95.11785259857176,5.700469428324438,70825.94296457469,37.77383624777316,60.758642245155755,257.0625,24222.38028223875,24779495.02873024,7.168752977586096,3.7444721568714487,1.6011324795809658,1.7201986711579644,60155.308128148026,93.63718365175873,104616.56630636868,55.7955020300633,0.9072306576883653,13831.014023434635,7.376540812498472,11.2978335044867,60.92102341351465,55135.60652328843,56403725.47332407,2.8521611322808322,2.4777482296396696,2.2521553912673555,0.440288631380445
18.01289058082997,-0.4701976615668108,-0.43475392129881907,-0.180804814720695,0.49560945629353065,-0.7645157181283085,-0.7016742478162726,26.748304166375984,26.74924546020338,26.756037951055603,26.778423626211598,26.740400648217417,26.74208031673962,71.25790911084472,30.697179184246732,28.17115444775584,104.27513723487691,0.8953260898324574,0.41767377641257775,3.166594522754078,1.0891031352656586,1.0178024710135134,0.4063909342748417,2.029325297405949,0.824263466746893,1.1935459002587725,4.533827099085206,1.2020838990213918,92.26163662708055,381.34390327363997,0.09725193861068941,10.210227272727273,5.159090909090909,63.64522735830872,32.67962902738972,683.6323843852945,,,21.20224293549228,884.457719698335,0.08327436695097278,3.89800472773418,2.6171912583234396,19.580096232732153,15.475958480328387,1627.686272975695,,,364115.74199727987,113.96402397882686,100577.37207775778,53.64126510813748,3.435388170818642,55871.442558685754,29.798102697965735,78.0557254670245,432.71590909090907,333767.7018383676,341444358.98065,11.59692778329604,11.095740578391336,4.7931671142578125,2.135615016007073,4012560.204814907,592.6010124929286,470513.83516845707,250.9407120898438,1.3091401125724698,136371.03333237837,72.73121777726845,353.1355198405373,63.77993038274736,3677447.0755709233,3762028358.309055,1.5897150956469897,2.2239411093366015,4.064356267173048,0.08604524767591948
3.5931526713244573,0.28496197037675114,0.22593881322087006,0.6536840877145431,0.8049016446416357,-0.04962932032366393,-0.02095211336137639,0.023089782079195348,0.02004241061626175,0.040934951932250364,0.19381490522194528,0.006501294939581177,0.0036968769995418755,83.68480981369113,25.131046881149043,15.196861355657887,35.73851452396381,0.9711517675546143,0.20904038171617856,4.25721252503859,1.317852022376769,1.0137885386851964,0.3209748543571775,1.996065145188456,0.4500968704084333,0.5041485793622077,5.934623948792417,1.3762529571930624,63.90854991467192,1029.15724901193,0.08886321237568838,8.72934472934473,5.452991452991453,75.32041557682582,47.14368410949607,1388.4107772564591,,,15.730670892218404,1819.4947785993443,0.07257065202435435,2.424523185295095,2.138358370641944,16.97463033861167,17.268789025722526,3369.352924086963,,,38269.78887297782,118.03356261369453,144632.74459636043,77.13746378472557,4.586490492286221,41969.246258842955,22.38359800471624,35.23256993019538,250.86609686609685,35089.30470166961,35896358.70980801,4.615745534740539,2.734409777866809,1.1923591635505697,1.3834967541124963,137834.14972941918,156.0389395494693,180098.66962948203,96.05262380239043,1.7525734199356158,44940.84889923557,23.968452746258972,45.35975298517059,113.87015530586112,126402.11271827889,129309361.31079933,2.4600237352986785,2.30809291634406,0.5958980704666588,0.39559203527757425
26.88135593220339,0.22732043969039176,0.26956069193611726,0.558160607033086,1.2718280378768965,-0.056225957499912126,-0.002077467770836602,0.04396093244269543,0.04541601679259169,0.031522008439076474,0.5204621007313424,0.006959609039121026,0.006419215345659062,77.47658358889981,31.986236027897732,25.451049493470027,85.25873694335542,0.95946561969541,0.3369035507736518,3.0343775691608883,1.1195404265464675,1.0147999748181815,0.4076628213729047,2.051830192572908,0.5380457965474127,0.6141211772642444,6.2604921397506645,1.3417058418312815,102.20741493893729,439.41495783950086,0.07084374747251183,7.163793103448276,3.4798850574712645,53.25219253881712,27.02587502016348,808.1129945261714,,,44.776816696156516,1036.2276369454046,0.06810912706932319,4.419673816793383,2.7869045136849255,30.403054098526077,22.274897746178567,2062.4002500624747,,,692612.4210716551,455.51663920362057,619801.7481737644,330.56093235934105,6.883172983119107,132848.74322203864,70.85266305175395,112.44256329549148,209.58620689655172,634806.9312425049,649407490.6610823,4.135080170377012,2.5882063240840516,1.4359046672952587,1.1567098961354731,1337694.3055569667,696.5368225585933,1012506.8579132785,540.0036575537484,6.282509932283176,205286.64332650992,109.48620977413862,163.40872253038594,107.98922910574807,1226038.0423256243,1254236917.2991138,3.0450639672754316,3.6902154751730905,2.845464770532935,0.4455965795617298
31.627118644067796,0.21646493976342515,0.3037969823380541,0.48245469588878137,1.5544421514460673,-0.028820638815505287,-0.005385135931569292,0.0469164128984203,0.020895993851680072,0.03495443268258561,0.7632070403146053,0.012694880056603722,0.010329815013766203,64.25672925796215,22.1041127346499,16.437582526140094,40.33119673989921,0.9964454235534221,0.23872370800265252,3.8677235137975923,1.2057562492699925,1.0160273215750508,0.46117713492153856,2.018936132725827,0.7335043557200867,0.6577568079085818,6.032199674260126,1.3754384719499477,68.22166302946358,1502.085991890545,0.10046978423004616,10.278409090909092,7.238636363636363,81.86016396289129,58.81770240665654,1385.7934742382836,1.304742614893796,45.63993622004038,8.133154206664969,1736.1439674340409,0.02766566576155044,2.2917316231715765,2.079359157079948,12.398720883505238,17.280962385201722,1079.951418800852,1.374107874284164,21.951985002230266,8949.152397635158,50.45864891280491,55124.934799280476,29.399965226282916,2.995860575799161,16831.34109268044,8.97671524942957,15.464421750487908,253.3190883190883,8203.560243346643,8392242.128943617,5.002791863426169,2.821876112891738,0.9383068465099715,1.3777867577441039,106044.53005234132,80.02762589109169,69021.90999905913,36.81168533283154,0.7466169177382876,7914.889486966485,4.221274393048792,16.179074855737742,72.01970809149945,97181.69632881325,99416875.34437598,2.8967032588755854,2.580224619727235,0.8467194326529585,0.48842515966005845
16.68959538661591,-0.5131186985598191,-0.4073572152588513,-0.17859024818419483,1.0140752787641372,-0.7649480993819754,-0.7250279574566716,26.74691501896967,26.749771735205357,26.75584614480986,26.81254802380457,26.74013336054206,26.741201572857864,84.27610036294588,34.07979706174986,33.25741038911872,126.06957621638163,0.8677965770379488,0.31242523113143683,3.8256830429683872,1.2350240730842543,1.0163889889504076,0.4071432355165574,2.0106979736895134,0.5955844527470304,0.6540338390744901,6.859125512421748,1.3398716228426348,69.2703762376645,1235.6336594754373,0.09476176503514756,9.076704545454545,5.994318181818182,77.0953958307735,51.34104617623168,1342.4749789313062,1.169506504978215,44.07426041918134,7.67132644045251,2054.271683757824,0.04892851727398911,2.5832331844868137,2.107877969694633,14.131231812150912,15.480754114020801,1992.8352911041322,1.1826791010581819,20.927555304126027,8397.142113880751,75.76682425260684,104275.21333405959,55.61344711149845,4.692001323264779,35408.64772186835,18.884612118329784,29.945318850122806,179.97727272727272,7696.892465129357,7873920.991827333,4.571744462429866,2.204374833540483,1.2285059148615056,1.3931242712949994,39573.46466091311,51.550198533834724,46722.69916058677,24.91877288564628,0.4060490572187085,13313.719511583226,7.100650406177721,17.496418784779234,43.41317805604215,36266.164156289284,37100285.93188393,1.4858870744446424,1.482839384772386,0.9542165270993717,0.2573258128611105
6.1015800079094555,0.25512019489057614,0.28348462529519214,0.5870782060881917,1.132164030325164,-0.02671315676093083,-0.025006839097626084,0.027817217210835597,0.0520030872704649,0.03931245329230764,0.3143970561317348,0.015042224548338598,0.006603672282365851,87.77674923185462,22.628441677622224,11.228030200593302,26.345069351703216,0.9861124667812113,0.1781992949651895,4.735213302651195,1.4033239552312082,1.0131673041669502,0.27879075942996895,1.964943603810186,0.30570907996424107,0.3551217605533185,5.316546401502465,1.3785993679860962,91.62565561220242,112.83613750005289,0.06136286765064099,8.369318181818182,3.59375,47.70381918831512,20.726124269421746,178.59336270488885,0.9862876879167153,38.28646417906344,3.3003073978818662,138.05308673589045,0.02018555735870646,2.935862036738159,2.2669226299605536,16.883114287301126,13.37907362701503,188.50959757872633,1.26834133862471,22.34784066509073,9298.974585092852,77.40761340801716,93485.266303956,49.858808695443194,3.958335854758528,42052.411178838694,22.427952628713967,36.07257100357325,299.03977272727275,8524.36130811666,8720421.618203344,7.276242268439552,5.052739923650568,1.890529285777699,1.8624910593036192,15373.743424455855,57.51959360254027,66476.53173670564,35.454150259576345,1.095133379472824,25276.067649297995,13.48056941295893,22.325804268941408,95.78582648019383,14090.953926309969,14415045.866615098,2.6031684119849974,3.051001005675116,1.574933806222031,0.3437582422399141
24.387807980402318,-0.2920447157320421,-0.3118210618928856,0.05345314782180193,0.3311431301233304,-0.6955264630546047,-0.6488469227473473,25.11780754142947,25.117310363512296,25.126494730125017,25.13446629871375,25.10764282394857,25.10881489493,76.48432293758532,20.25474314411862,11.474227171928774,35.72897156172163,0.9712909470138017,0.3502158934290451,3.7831746966820607,1.2021338998013944,1.0181663766977562,0.2803008531633398,2.004555174042565,0.5378231416996859,0.7317898743063006,4.871459008236912,1.3465966442727757,104.69561262881842,676.7913692231862,0.11699174966607426,4.738636363636363,3.3579545454545454,51.994477456960745,37.94750349082736,1114.4959776256592,,,39.52400933496678,1101.6053226481167,0.12570653363741227,3.9893161813826343,2.904198433886436,34.36610330697054,27.338248961879938,2108.2514777413553,,,5851.056628071289,73.85985294985015,104740.52576277882,55.86161374014873,4.711449723395372,48067.576581988746,25.63604084372733,38.65815583208868,233.55555555555554,5363.291175057733,5486646.87208406,6.841073202226469,3.732708444622507,1.1754918981481481,1.8043301699583219,4595.703452095787,19.91215150800148,27006.480894999222,14.403456477332918,0.4061947850270751,26929.4550556885,14.362376029700533,18.875245513465664,105.50084952152083,4213.9411733990155,4310861.820387193,1.9357817630942586,2.687708519987303,0.14025293222211446,0.18288022317635258
17.976088410698978,-0.349413882521648,-0.2816322429323846,-0.05420691643563324,0.8014063120741168,-0.6029202445095443,-0.5902153129853511,23.964701156893447,23.966334221871303,23.97176345150279,23.998478408657547,23.95859890149032,23.958903280000822,46.12265975827355,12.67618690233216,8.184528733412584,26.497896141315096,0.7617291997495365,0.32319515419997064,3.616168728811512,1.195614513711666,1.01913724613019,0.38838512572312084,2.013198540927259,0.6972741806166064,0.5997007497418555,3.3052191472175587,1.260358706966237,80.94967540893721,701.7951975781875,0.08880077464126837,11.670454545454545,6.607954545454546,76.16565741561344,43.75705359253593,803.0224387856969,1.1438053152656005,42.13759111633894,6.608069466322541,1021.729804918553,0.028179059956467575,2.2724715765253705,2.268796316377169,12.731180257577437,15.971985216033515,869.6137502140039,1.4055530224422432,21.870781557109197,11594.379173519777,74.21081136040253,91598.74824160202,48.85266572885441,3.831686399711272,27932.608585791106,14.89739124575526,21.46504039252956,300.6761363636364,10631.037603064793,10875551.467935283,5.9229785970503706,4.105481234463778,1.0594454678622158,1.5116756434413317,30720.02741500018,78.04087285345979,90792.95988164519,48.42291193687743,1.2502556090050367,10583.297598387791,5.644425385806824,10.793680550452537,118.51036921866812,28160.418282450624,28808107.90294699,3.3953363747008023,3.400417616278256,1.477128225768477,0.6558450227575832
11.59322033898305,0.25377100573526057,0.3987296646476075,0.53942790320285,1.613269719355749,-0.04467911771961838,0.0011245809935327773,0.027811410203933136,0.03865657186058396,0.02769099249204535,0.4586262511250528,0.012353501218637453,0.0030897791729624286,93.98767692157234,27.287166167080798,18.357620170106998,52.23469074089536,0.9678949487717666,0.23830640551664148,4.759184437965611,1.3129587855523681,1.0174151294139486,0.32624614140739244,1.9824202763767647,0.5724863241779476,0.6652765430093331,4.975096788418976,1.3668091083920746,75.33076417553588,742.8192441564856,0.10646844102246811,10.701704545454545,7.542613636363637,82.96695923283491,58.89607850649796,1228.3826143656136,,,7.278049967809738,787.9705666497168,0.0477403220260041,2.3157556795249503,2.1842415962349815,11.821201033991981,15.319944373511628,1038.4395713045465,,,24257.911767855756,96.26610250199106,121662.10487123868,64.88645593132729,4.428936873121564,44385.482432145654,23.672257297144355,36.67283301933406,314.63352272727275,22239.276867110126,22750780.23505366,6.074454802863124,3.5412528298117896,2.28118896484375,1.6690503736828122,88811.11541294838,122.45716696382976,143432.57941190267,76.49737568634808,1.417760011384311,23646.8905932571,12.61167498307045,45.838327747558814,85.95595007618428,81417.16617612637,83289760.99817726,2.4535348605745573,2.210631468524561,5.4513131751728805,0.46547389605339634
10.44048134686729,0.21761535805168417,0.24319896643337624,0.531722954099101,1.2489682287641104,-0.029199542181741662,-0.019038021631805895,0.05761756183427601,0.02393707174965323,0.0748192404450152,0.5376853455651927,0.01526374721074015,0.0071731262874854766,61.81042740945321,22.93127768488284,19.447011214562952,67.02984052643336,0.9552285165129754,0.41235412505573255,2.8537771857708556,1.074116167945404,1.0189515519531793,0.5443695715054272,2.03834871519524,0.9639809236862535,1.0368111624138143,6.536306241412099,1.3122219465681237,64.5251177460841,749.1154512039578,0.09076029455663161,9.559659090909092,6.801136363636363,80.34710633432225,57.63354976778272,1203.4278773445003,0.8493198975423073,34.819036008394264,4.489218582065948,944.2129727597651,0.027219973331824503,2.204558267886849,2.150633855728343,12.4624299333589,16.506445364836157,1267.0344571913538,1.085229188101299,22.159984469537996,908297.1326895094,173.27939283579246,187630.0079977339,100.06933759879142,4.762256411079149,39809.20263137097,21.231574736731183,37.296483833099906,210.5,832508.2867007375,851655977.2948546,4.588931441768884,2.795132723721591,1.2170618230646306,1.4476304782236256,9654551.418652121,937.199199751247,768231.6872657735,409.7235665417459,1.366524060480462,53775.406750693495,28.680216933703196,115.5335063879163,64.86366821684891,8848305.733326582,9051816765.193094,1.9686127873542507,1.8479786756619447,0.7032731407629335,0.4122819507343751
21.867572156196946,-1.52970018257982,-1.4285969256866382,-1.1959362077032192,0.15307315798853646,-1.764787625206836,-1.720088065504826,41.36923104319213,41.373454775661166,41.38303645045192,41.46342312714566,41.359444342746976,41.36129566169583,77.2802959130177,38.38651203960227,41.1687052167152,136.16994284663966,0.8538634355692336,0.4390170246270609,2.317662772851244,0.9818820959185549,1.0174889642334033,0.6457600103889204,2.067917874718042,1.1291088558627873,0.882651427812223,7.471625052546031,1.3380785640891475,100.40664785357352,91.27876163634268,0.053405099474047146,7.8352272727272725,2.1619318181818183,37.963791768666844,11.018282978559965,151.16863944132754,,,5.905027837229997,218.78802674858971,0.03240100981625991,2.9467061646988797,1.7723971684202067,13.83617583191516,9.850724650291422,592.2240768108219,,,9473.474076009843,61.38961531567093,72778.79215701047,38.815355817072245,3.4639077361201536,37133.54853872813,19.804559220655005,30.213754011027035,380.9316239316239,8683.086357210985,8882797.343426835,9.649324241532936,8.277653968571938,5.4369978076032766,1.9621301597390628,39056.448847218846,75.53528525735122,88496.34288505456,47.19804953869576,1.137695703407023,28782.019842796963,15.350410582825043,23.770007519548553,79.98761227050139,35795.74701345076,36619049.19476014,2.8698910868504774,3.6047234621588844,5.887369305575392,0.289995377997443
7.103176123520171,-16.66693096602353,-16.60853780844045,-16.413691749935907,-15.64339139991697,-16.921824014269088,-16.9201020045315,129.00784999725963,129.01550971644093,129.04107097389686,129.1432223017577,128.9744027655696,128.97462864201717,81.22368701545982,29.090300654244174,20.96126392910286,73.749118299317,0.9961586930953786,0.3951089958646597,3.685024730712307,1.1244772436739061,1.0187309636279067,0.3856120445036579,2.0172139064516563,0.6465003386048181,0.9818568339558548,4.732951265459021,1.2266656796895796,84.19118592700009,1474.9396493260851,0.1630772832409994,6.579545454545454,4.965909090909091,68.0526983090068,52.71409999685402,2917.1197661889146,,,30.713615176546828,1886.3382366351482,0.14281078762414204,3.5594675001041267,2.6152909782329092,27.741023472818267,23.721637145885445,4542.851474774089,,,2871.1572678681646,48.60548051858577,70725.06673020251,37.720035589441345,4.096171442901011,76743.52237944477,40.92987860237054,51.812854173715344,712.5823863636364,2631.3110963752683,2691831.2515918994,20.962266727341213,24.469549005681817,24.90060979669744,1.7131324513460995,7393.395082923494,22.5551055959755,20789.79215186461,11.087889147661127,0.28576040273620157,15374.160477713227,8.199552254780388,17.699748420431163,36.39670981303612,6775.521418402293,6931358.411025546,2.3727731061402846,2.591106196209557,1.836790049417493,0.17890184444991533
16.02556785755051,-9.796277857535255,-9.748971498844586,-9.527320022207254,-8.868791123111011,-10.099376006336207,-10.07081993334545,99.84951734200477,99.85429022934284,99.87663804429184,99.94357507127704,99.8189505128554,99.82182776633562,140.90194223557145,51.19812852611856,32.405960974559,62.47519358107734,0.9866686487617632,0.163068403481017,3.2982311247425145,1.307469285628579,1.00942130670649,0.2918160042865356,2.0021914136022043,0.38145661630044986,0.34541715236077625,5.059872477251733,1.3847416852911996,80.75079047628047,1104.1032785915124,0.0838698802148261,11.434659090909092,6.247159090909091,73.71858623685866,40.74238783808602,765.2502408692089,2.0619825592820287,54.7114070716884,5.885389500044563,1070.2572158161308,0.022688175691649035,2.6048998623501634,2.279788391727118,15.070121091270222,15.33621747722222,716.3154192176793,2.3594649612926695,21.692348385452643,9087.263587217096,71.00834448489499,93745.48699109475,49.99759306191719,4.202846063296487,41957.952885410545,22.377574872218958,33.36646183700339,290.2079772079772,8328.83117058742,8520394.287510933,7.393299139808151,5.155470975783476,2.832309472934473,1.9713432857034272,70065.76466809315,63.60568941064921,61242.35087898343,32.66258713545783,0.7843568034780173,14746.7291928224,7.864922236171949,15.03322212995478,74.41984191623285,64209.873752480424,65686700.84878747,1.7667692486228497,1.8474238377199959,1.515352034158168,0.20224961038662978
25.971520962160323,-3.8543051218044466,-3.7878434611627534,-3.503472249951204,-2.8699658497844625,-4.194521262660101,-4.148630061702545,64.25167782830324,64.25599477408755,64.27431380524796,64.31659828263915,64.2297196657952,64.23267975115337,58.98812449356334,19.33315824295407,13.634470687775371,45.79478579864996,1.0035940112171498,0.49207522645457336,2.5867003797001638,1.0337300058713659,1.0197278362625213,0.47699742599732625,2.0396509009347756,0.9031041126841984,0.8562538201327358,5.133681391162681,1.3003069998385628,62.39738085796844,1618.01011481264,0.12563596318559853,5.701704545454546,3.7443181818181817,66.44457972582973,45.0166381913541,2741.919193139924,,,18.175777880880126,3226.540116251251,0.1376560170904557,2.4189586046248146,2.0868831671432364,21.89355992472644,24.219632469489866,5462.234087732763,,,3884.5725314658775,49.778259847254795,60586.025553543885,32.31254696189007,3.3311244207456396,27335.32477854008,14.578839881888046,21.152745087029118,361.4630681818182,3561.2062872998695,3643114.031907767,6.706937006464306,3.9764751087535513,7.36236572265625,1.6577990093497958,7360.42679345178,37.51582792190077,42073.175241398785,22.439026795412687,0.7836939737948555,11583.371410483007,6.177798085590937,10.130796931553204,99.27675274726106,6746.540375888149,6901710.8045335775,3.1514817043624626,3.509749182580379,10.619920122875344,0.4470651741159867
40.54237288135593,0.19011455345607822,0.2674185952687449,0.48302703461582336,1.6206674171910724,-0.017547284243350017,-0.012794891898037914,0.04762866732615062,0.023150912025488246,0.03115415231562675,0.920956962151717,0.005729985474195709,0.0035616024762661733,73.83403964103377,17.194024588807455,8.550446728520777,18.448290767236127,0.9677380149633894,0.14068411837683834,5.261488365659168,1.3968921759747348,1.0142650821652819,0.2932107817711764,1.9820315881349906,0.413091877341438,0.48193837478810453,5.4020845934694295,1.3801559321962074,77.76070140300527,588.2584951794369,0.1133871323092773,7.255681818181818,4.394886363636363,66.32712476546034,41.70608981500525,1574.7415457326797,,,24.803211080825978,1430.30645573937,0.12886853745867463,3.6247996168611434,2.573968678871996,24.855746331022818,22.20105870583784,4126.4497942254975,,,508526.3850983823,499.6638757460992,557725.4241016819,297.453559520897,6.822653142282395,84985.21113473113,45.32544593852326,91.60694200105735,184.3494318181818,466192.77194070915,476915205.69534546,3.358094490502445,2.1615461869673296,0.9262778542258523,1.026258061161343,940998.0021409496,508.8792625136454,605393.6583697809,322.87661779721645,4.043104498674957,94605.7550634977,50.4564027005321,98.46083534798909,121.97021362218238,862551.4915953462,882390175.9020393,2.495781762236544,2.077304164263835,0.4683804268152722,0.5120449008694028
30.372881355932204,0.18811849913619344,0.2798810917471471,0.518296067114571,1.6278402454206982,-0.04274360468377409,-0.016144649289432586,0.045546715507433465,0.020253576123972262,0.030683137447534075,0.6281041970145056,0.00500619924096799,0.004386746063349547,85.05021115502613,23.38086689510912,18.328798687879274,65.01958230713109,0.9536834278401386,0.21516511114158063,4.7310755079187805,1.3671082571820676,1.0142668935918475,0.3056822082577732,1.979961484220208,0.3633484293896004,0.4132436879806968,5.794905246688913,1.3664700632458606,91.1734860423642,276.66527212988626,0.0811303708734225,8.350427350427351,4.672364672364672,54.31228065691297,30.9832297711687,579.2830945400984,,,13.136777835138652,920.7864758529345,0.04848921888542843,3.4301734010048754,2.548292505428859,21.74008607088625,17.27267161246583,1678.4989174564641,,,104000.26418353674,161.13715312385997,163599.76051400462,87.25320560746911,4.956951693150379,45092.04302612403,24.049089613932814,71.15326527259292,176.8860398860399,95327.26323992193,97519790.29444012,5.049848849886999,3.387364227207977,1.5921307425213675,1.4127743517177873,582982.0635260289,279.3694231201501,132586.83817065868,70.71298035768464,1.4423800217898062,43341.482280616714,23.11545721632891,258.86479528389003,51.426861228617376,534280.6493567987,546569104.2920051,2.9226766212200928,3.3659648750103397,1.5098259838401016,0.571983781548113
8.304928344098983,0.3206587655690746,0.3528452063066073,0.6028103230842131,1.116348388143879,-0.02219179258140022,-0.012372656760126235,0.03016013188004004,0.041725547727257624,0.03196414737591485,0.22011233720587456,0.01006067578129433,0.0040493215426188915,70.85167185383837,29.390654970247976,29.967992265965975,132.37762086820064,0.8280716099756735,0.45057402535639574,3.044771407494031,1.0824034364737907,1.0188252835576594,0.45323394019419383,2.0309785078227995,0.7708488434218284,0.8556304752011634,5.940247388298274,1.3039574243575667,81.57841544166595,1455.3463428560628,0.10886099142480762,11.88888888888889,8.014245014245015,81.83614471149862,55.76816328088629,1553.0842468232656,1.187438360637871,44.205946862971835,4.8250872000066085,1636.9620431171206,0.02413378312510061,2.208934632968017,2.256316726600512,11.345548594724708,15.647311179743541,1364.731873598525,1.413616144681856,20.678284954257638,1945.2923625124886,41.8305636567497,55883.62731345362,29.804601233841925,3.4475700163120138,40085.621752486346,21.37899826799272,29.50703211015608,458.1709401709402,1783.0280157339662,1824037.6600958472,10.785223210229132,9.16153345352564,7.956654257923789,2.144185116274832,1632.408419381724,13.98851009116002,19193.813211230878,10.236700379323134,0.48060033488781445,13149.639849273768,7.013141252946009,9.819661268416274,71.08892035417176,1496.4734200408489,1530892.3087017885,2.423458557404828,3.455767463224098,10.623672853228257,0.1752109396769672
5.439864003399915,-1.2859960878695094,-1.0994039944544374,-0.9362509993785779,1.0451239670214476,-1.4798543789931553,-1.4348456780680516,37.83954576999503,37.846716530382494,37.85279022639791,37.956374140364034,37.83218490155069,37.8338889580616,49.60375917487585,17.448343315332007,11.846964831688176,35.00435993071729,0.9018795853926411,0.38799414078665495,3.9522230863801817,1.1493128579680034,1.0189881903522682,0.45388475500184194,2.0152271918054963,0.8303456748889874,0.8716947380741608,5.3874273990803685,1.3388955628121488,145.15425990749202,501.8233477645274,0.18919998670948104,1.3835227272727273,1.2357954545454546,25.362480401542904,23.34434859647928,1721.2551486264422,,,31.256064172551035,1364.127473692855,0.2028917945611092,1.7066251517466802,1.4552305515488455,30.1507069945987,28.412397355076305,4138.999913031668,,,14577.284909748747,89.33453314124927,123181.28206811206,65.69668376965977,4.880668456500248,41269.51563508053,22.010408338709617,34.876682473600276,202.67045454545453,13363.211642539378,13670565.510317784,5.694230678279575,2.857208251953125,1.6132701526988635,1.6942009344444842,63284.499562548604,81.23458432741015,98118.76078772428,52.33000575345295,0.9040230926067706,15140.489100419116,8.07492752022353,15.226005945727408,36.06149154597825,58022.09377353452,59356601.93032583,0.8397556894716819,0.3987723171327716,0.5831315634449848,0.19148728847477775
4.4744920058002675,0.26244858632165613,0.22721806127695232,0.5713951214262286,0.8916119964730583,-0.030865610106311094,-0.018030902156952303,0.02641746893186764,0.019975715584257515,0.04293332013744191,0.31635747443398815,0.0068349395893042555,0.0038641210920001843,61.3372880396093,23.31148046399102,22.005977289164463,65.29391881110338,0.8207224171457795,0.302979414726886,3.208459722130316,1.1367963409436574,1.0162008445918496,0.4827522559339544,2.0412077876418815,0.8454406774699982,0.7948583910090282,6.999119608986408,1.3612509268843402,76.47709781348635,397.06076935219176,0.08525288549464065,11.409090909090908,6.568181818181818,76.91732464028763,44.622248862844394,648.9326233384542,0.8134773334697981,34.956100772319026,4.747635656674294,519.4358846885904,0.018474518457848078,1.8942878467331705,2.208174145725658,12.170992918154655,15.72813121814779,509.2211335012667,1.0917049655694493,21.072115238958652,17224.17320905297,76.56396525318668,94808.15285613449,50.56434818993838,4.022941675224495,30682.652274324897,16.364081212973275,25.593510467116147,227.65242165242165,15788.697099564002,16151837.132853977,6.584048895781159,5.097391938212251,1.9964234441773505,1.797954333071557,57759.73982999957,106.60423294097004,114055.10505230959,60.82938936123179,1.2981191158207448,20969.419707135014,11.183690510472006,19.794829124473214,66.07906848508382,52941.57746594858,54159233.7476654,2.133506039834577,2.4754590117903366,0.7401937704856788,0.3978268169987593
8.0083703305715,-0.8362718289774003,-0.681417300294782,-0.5690560313768706,0.7644391561570677,-1.092573629349131,-1.0808994339267035,32.60926330380491,32.6143206124728,32.617973797647636,32.68007425046157,32.60087834699416,32.601258494194354,56.351369521450955,20.484535046750697,16.83034041837926,50.664529446614495,0.9717249866680278,0.41204022815720204,2.3553797400329377,0.991959531169031,1.0174116836206677,0.6396262842064648,2.0645618515019315,1.182676273027744,0.912231652632411,7.281904018813859,1.3492237878165902,89.74682570360181,148.70875175065692,0.0830942064817275,9.227272727272727,5.5710227272727275,55.93565181364004,33.93060439463787,329.8493007115019,0.6611098711128346,29.986951075991975,3.022098077798506,181.08074115021122,0.01824268680954162,2.642430323874014,2.1665224228182773,16.05810744314889,13.931639220004188,256.38664702626363,1.2187769637627748,20.002602496463304,54236.483397234166,138.5993124456425,180391.30363816323,96.20869527368704,5.5518868697624635,44984.517670621884,23.99174275766501,38.05462400410359,167.3721590909091,49725.228342111506,50868908.593980074,4.734422134585533,2.689881758256392,1.9824288108132102,1.509701123487382,352132.5234411821,187.18729381426104,193300.53525801958,103.0936188042771,1.2991585346684025,17455.038161215492,9.309353685981595,29.21588536662156,29.997644185868378,322748.51495951717,330171730.80358607,1.5409366609100288,1.2694559893266926,1.0556364526391808,0.3835660396567901
8.101542343835334,0.2411650131568679,0.24730955854995987,0.5532990683796718,1.1218124529202116,-0.03597682316676533,-0.01364968089126787,0.053305402643897194,0.02936141203965972,0.10125142663183687,0.4735033587587451,0.022088578174914133,0.004059163143490748,45.82595251465104,14.884496358437362,12.193911734296,57.22285995914109,0.9100068073068902,0.5617704984015808,2.4936417318718886,0.9847578929986288,1.0197808641685724,0.3063238866267754,2.0366155829957155,0.6584503234601636,0.9178241614285755,4.636304867222262,1.0967233303474264,88.4976432128311,276.8947019543447,0.0809600754004221,11.903409090909092,6.21875,70.14339621941254,36.93774992842243,388.9486753322201,0.9476920043229168,38.5518756988707,4.39588010798586,301.44781675626524,0.01789673633927828,2.6148156924287993,2.615598016315685,15.200423679344302,16.066933281784095,315.25715377713016,1.195353491295348,20.77986175531799,14953.462544851163,97.291037991841,122846.31882166867,65.51803670488995,4.687041136172775,54829.7042089277,29.242508911428107,44.22051173533698,329.7869318181818,13705.835386383558,14021069.600270383,7.737766893265322,5.549517544833097,5.937402898615057,1.9484331505880925,48437.16646930354,74.08874856685436,86060.37350739383,45.89886587061004,0.9253793311926998,8708.14342689394,4.644343161010101,9.329601762647112,86.85599072417037,44392.61323198288,45413643.33631848,2.189635866906656,2.221882152995487,9.15333971115202,0.3531953305452827
22.575846029264987,0.1943331146279389,0.28664438635773876,0.5264865726571162,1.9463777234631465,-0.0631180360728209,-0.010351087818399003,0.06174468783414417,0.08780556024776749,0.03947189468137385,3.2903581177968046,0.012937955548837836,0.009637362301562086,50.98443604518723,15.23469894490826,8.602859959725949,32.06837622187814,0.5743568552194384,0.4241111156029744,2.955127640945225,1.106116624422891,1.0188903723490987,0.33597012815216426,2.0262373337004713,0.8053864109961312,0.6075347543972631,4.4616189766676575,1.3396609353720124,72.14624990365822,1075.4703303829303,0.119039624339073,7.871794871794871,5.113960113960114,74.64637412286986,50.03539709736292,1453.1406107425807,,,21.151175040598336,1646.2071475757677,0.11124963663677093,3.075141934616414,2.249052725849545,17.97177491957817,17.693726543618236,2421.52231626157,,,7191.765887420996,58.17414751607726,73616.81809425096,39.26230298360051,3.6829000139096904,28367.6715007199,15.129424800383948,22.715675495046572,272.79487179487177,6592.546951449257,6744175.531332592,5.951309998628429,3.6151592548076925,1.0243820668625356,1.6880915853613951,44378.89250269726,61.71378668069881,64918.3766135282,34.62313419388171,0.9183704397235797,14331.495003509748,7.643464001871866,14.1559822914077,77.38900204498813,40670.45797493116,41605878.508354574,2.165438566933273,2.0808347256463002,0.7489401707105475,0.402684321838724
19.864406779661017,0.2275705161064274,0.2691985721426098,0.5588179649290027,1.3425743794585667,-0.06447978074002918,-0.0044284798768778385,0.05063740696659409,0.06626953224333762,0.038150313742269744,1.0267934127643616,0.008132601457419236,0.005778427534729836,38.13619669817765,10.55211006438933,6.835572981355825,19.79311823983456,0.782300778201522,0.28058854211763234,4.650972696210432,1.2700370085893826,1.0192721120282304,0.3100908840852934,1.9901090128508976,0.605171135799876,0.6233404145199352,3.3201078404932143,1.2873051928804644,62.9571820604172,1464.4474622923842,0.10539006070753056,8.397727272727273,5.903409090909091,80.02002273016643,56.80744832169464,1916.2799957361333,,,12.578140301967721,1797.079859347715,0.08280000439002203,2.84960034170373,2.4030732625893663,15.697367803633828,18.661370607310943,3345.801563473323,,,4097.957475354784,55.17880760636088,74284.63115238636,39.618469947939396,3.9504667151196835,28525.122297761085,15.213398558805912,26.065886850479433,215.43019943019942,3756.081256737253,3842471.12564221,6.587279430520988,3.0665384058938745,1.0049064614494303,1.80091518222183,16727.23713676788,32.45938192265911,28066.38655082657,14.968739493774171,0.2850813549665076,7930.715142423814,4.229714742626034,7.410141962967695,42.18734636603162,15329.231633429672,15681803.960998561,0.9938314557369822,0.7122811082728191,0.19990634276820898,0.17676189579307242
,,,,,,,,,,,,,80.50992749425934,32.21541761860715,24.293390554955778,70.70862746619098,0.9586493606698326,0.2906090594581508,3.6480413749933738,1.237900591999433,1.0184584103687182,0.39311858317099624,2.005670044744462,0.6032186102927651,0.6479156909180596,5.873305702359363,1.3660051310883887,76.33320431027053,429.89592766991393,0.07075883578609804,10.548295454545455,5.130681818181818,69.0735180272631,33.76202802590934,435.38664873101646,,,7.675966072113211,650.796737573438,0.02157156977928436,2.3447105469695506,2.261327946269296,14.182067888169172,14.88582503530426,632.2198542610064,,,33455.816826955874,125.93176769922924,165434.21050807193,88.23157893763836,5.388463347613593,82213.5246987108,43.847213172645766,62.02321416121686,347.1794871794872,30665.199681691687,31370499.2743706,7.199486837070634,4.27524316684473,1.065593839031339,1.8453324672289706,284778.232097904,132.66563186475395,121902.57135261701,65.01470472139573,1.034164487992936,29069.69294906217,15.503836239499822,32.01530188587214,92.35293525627253,260978.4108131209,266980914.26182276,2.2954947541329753,2.7573657086101484,0.6004212625519164,0.26028548028821963
,,,,,,,,,,,,,65.85170150931492,25.822627110133336,22.144199204529333,78.96707113421489,0.9248886930245158,0.4692977391371606,2.697212539156631,1.0296553731902558,1.018440239039134,0.4668495961090738,2.042194731402579,0.8857089668580076,1.0056299437113922,5.964647892904346,1.2613263955867726,87.95203046744327,564.5594480288869,0.09508191082642123,10.9375,5.636363636363637,67.00941931388692,35.101025071175734,905.1320342171165,,,20.1284008742972,908.2654280216532,0.08965443359050261,3.8695434455853737,2.5514337243179135,19.175569439275225,14.506755370958466,2530.132002730773,,,5095.111700282868,53.381067969837844,67272.51417695869,35.87867422771131,3.4881333151704466,30738.732649040965,16.39399074615518,26.076986788904915,292.8011363636364,4671.018435069579,4778451.85907618,7.912539097180826,6.014910611239347,2.0616704767400567,1.9168128077301843,19389.44887403587,47.39797828140571,55434.85283714178,29.56525484647561,1.0234498344378287,22282.616868893623,11.884062330076597,17.859375004287752,83.55782020188472,17770.53881911416,18179261.211953785,2.4461734627644107,3.347701277805838,2.0612737147132805,0.31246046662375093
,,,,,,,,,,,,,102.81118632536862,40.54529387630308,33.752170045935955,98.9555947659001,0.9932098198678515,0.29814910949950385,3.1049223044401217,1.1339891595980387,1.0161344732461552,0.5057166631810714,2.038075988512075,0.8184892484716797,0.6585128131576243,6.259464544789665,1.3709092635890714,83.9702180744689,1040.9756123630743,0.08656820803762132,12.346590909090908,6.815340909090909,73.66043466588236,41.501698137516264,675.1872264563775,1.9261876153230195,52.86264238970373,6.298732058786276,1387.655799125387,0.024724694731498527,2.6552456171115475,2.4914610759295237,14.03984922990842,15.736142713926387,713.9944165111675,2.380770595593764,22.74308616721513,6215.736062078076,43.19066820466935,47407.54834652249,25.284025784811995,2.833912287733456,24732.425303496017,13.190626828531212,22.489456441291285,343.83475783475785,5698.1929973599,5829251.436299177,9.756689206974487,8.098721843839032,3.7255789819266383,2.0195281643811134,50111.94651048153,65.96528562637576,57338.192697657694,30.580369438750772,0.8031958272676983,18159.13553188321,9.684872283671046,18.436374336548216,77.9079085247213,45925.98267666444,46982280.278227724,3.2519422191822804,4.484838670442749,5.217557711909847,0.25205332522543644
,,,,,,,,,,,,,115.13538865684097,42.66632902179587,32.248173968542154,78.61726210139416,0.946030984231808,0.18495037150748353,4.1065395495732995,1.3183736103720352,1.0124953451162486,0.32623515890751337,1.9940468247527967,0.5019469876676821,0.44691288477902114,5.018914533369803,1.3843662700846258,92.5347401928835,844.3776445484392,0.12249392955824105,5.6647727272727275,3.678977272727273,60.16463107413977,41.17939922710979,1475.948479574354,,,31.380697015651872,1108.6435538560727,0.11799555009036125,3.973078145260562,2.7129343136892494,29.52762533905991,24.30929607115408,2345.914826375819,,,14157.954378279885,93.79167988861144,120976.10765061184,64.520590746993,4.652715941991922,41674.14195147241,22.226209040785292,32.43331663160684,263.01420454545456,12978.644485294453,13277153.308456223,5.241449478854137,3.0078887939453125,1.1981617320667615,1.535016601041088,62460.50456533011,73.23486364035216,82617.03712923107,44.062419802256564,0.9923475399753015,13074.795832459404,6.973224443978349,13.915492357536909,105.65546130123299,57241.7538620123,58558314.2008386,2.3893896317521786,1.9347430048616452,0.8907787117509182,0.45075412932203435
,,,,,,,,,,,,,120.07369503137056,43.19635599477783,38.06512971335168,134.08744027193876,0.9888465299775836,0.24031377588701472,4.058644525184276,1.2887110267146624,1.0144206870660455,0.3670900584576211,1.9951500511835032,0.44193769182139153,0.516695749679557,6.546882687339782,1.3555622828711826,78.2922379243434,1492.3394133089598,0.09993628619927945,8.769886363636363,5.525568181818182,70.16108473745506,44.82305844500865,1714.780037183859,,,15.392362596617502,2161.4786232420724,0.058336222148773216,2.925379149598383,2.1845076197637274,18.29517395276424,16.651886001235752,3318.9594431537585,,,12991.27157555434,89.0976225727942,118261.85722521773,63.07299052011612,4.769674840428783,29740.28886252065,15.861487393344346,23.925401233542985,163.07954545454547,11908.844181073737,12182747.597238434,3.355925406572749,1.7596158114346592,1.1568936434659092,1.1678324175930903,63161.90391190468,71.09709592278152,70951.2911672938,37.84068862255669,0.7722904342922804,10663.886127304182,5.68740593456223,14.474023179245775,45.403987507834266,57883.34199242405,59214658.85824982,0.8870654914526378,0.48908008694474686,0.3543922292593413,0.25057620465485186
