blinking,avg_EAR,avg_MAR,avg_PUC,avg_MOE,avg_Vertical Tilt,avg_Horizontal Tilt,std_EAR,std_MAR,std_PUC,std_MOE,std_Vertical Tilt,std_Horizontal Tilt,avg_delta,avg_theta,avg_alpha,avg_beta,avg_hjorth_activity,avg_hjorth_mobility,avg_hjorth_complexity,avg_DFA,avg_PFD,avg_LZC,avg_HFD,avg_sample_entropy,avg_fuzzy_entropy,avg_spectral_entropy,avg_wave_entropy,avg_mean_hr,avg_std_hr,avg_cvsd,avg_nni_20,avg_nni_50,avg_pnni_20,avg_pnni_50,avg_lf,std_mean_hr,std_std_hr,std_cvsd,std_nni_20,std_nni_50,std_pnni_20,std_pnni_50,std_lf,avg_VAR,avg_RMS,avg_IEMG,avg_MAV,avg_LOG,avg_WL,avg_ACC,avg_DASDV,avg_ZC,avg_MNP,avg_TP,avg_MNF,avg_MDF,avg_PKF,avg_WENT,std_VAR,std_RMS,std_IEMG,std_MAV,std_LOG,std_WL,std_ACC,std_DASDV,std_ZC,std_MNP,std_TP,std_MNF,std_MDF,std_PKF,std_WENT
19.25405599,0.243845628,0.327033204,0.491643126,1.437893975,-0.028276127,-0.002189857,0.044350585,0.033794553,0.027080677,0.612871353,0.00978223,0.005647776,52.56527725,19.15527703,16.01101508,51.88842071,0.918451605,0.305070752,3.528025554,1.210127406,1.016326504,0.431459679,2.018848379,0.546431765,0.567951745,6.662194684,1.350905516,72.99886175,451.5674921,0.086632475,8.746438746,4.717948718,69.45900526,38.44350718,1017.187328,6.807564392,2163.586393,0.081893549,2.813496698,2.413799905,16.57940352,19.5086331,5349.758348,51855.03224,182.3207882,191743.1305,102.2630029,4.893043528,38600.99462,20.58719713,39.62087283,204.4330484,47543.70292,48637208.09,3.20310639,1.940431079,0.915527344,1.000401371,83996.8296,136.4809354,140433.3466,74.89778483,1.600864769,20320.4826,10.83759072,24.54904154,94.2256517,76985.70155,78756372.69,2.16096831,2.24618253,1.762746207,0.439718099
5.627012674,0.288898867,0.236931893,0.648334443,0.835194767,-0.04924213,-0.016150092,0.027506638,0.019113713,0.049135169,0.190989372,0.007769301,0.00476446,66.64983791,29.99478723,31.03093791,117.5426768,0.826063314,0.367569089,4.312604297,1.165205763,1.017740244,0.441425109,2.006472724,0.835444952,1.121286126,5.653166899,1.311725142,64.17508282,1549.472998,0.11265314,8.122159091,5.926136364,81.87895345,60.79956119,2187.604437,10.63793217,1797.933904,0.067080331,2.726004381,2.209277665,15.87298167,18.14139663,2259.781877,1915.772508,36.50668366,45337.68832,24.18010044,3.028523958,22861.69094,12.19290184,16.92165147,383.7102273,1756.121525,1796512.32,6.956392971,4.058837891,5.157990889,1.689148366,4389.989841,24.15159939,25995.85817,13.86445769,0.590036604,6810.019786,3.632010553,5.885660366,92.99566894,4023.399141,4115937.322,3.138157743,3.607956433,9.026452229,0.387486888
19.72862779,0.246601547,0.272881693,0.558398953,1.20341544,-0.056703986,-0.007202855,0.044911314,0.056931744,0.032436772,0.684488214,0.007267793,0.004458498,60.00328534,26.8604042,27.17309564,154.1351988,0.766063475,0.611646869,1.713410146,0.925938739,1.020216087,0.35233021,2.053800539,0.884702358,0.531995054,6.145386071,1.287904357,115.6587268,1805.177887,0.259651147,3.566091954,2.867816092,49.01013861,40.943066,4313.84125,42.06847791,4172.994095,0.188463138,2.841340891,2.069149098,30.38757862,26.48686876,8810.965582,11169.25405,98.6116943,133883.5171,71.40454248,5.086134099,41512.02266,22.13974542,36.91204271,179.7902299,10237.91527,10473387.32,4.199449355,2.370198568,1.126870342,1.343626531,12661.38994,38.02921356,45208.42277,24.11115881,0.595456655,20863.50226,11.12720121,24.39054959,40.57608458,11603.5342,11870415.49,1.919133711,2.007143916,0.464812794,0.288873758
10.27118644,0.268983831,0.236309861,0.548108619,0.916563319,-0.041262974,-0.001696042,0.034225533,0.048091413,0.028415959,0.402068734,0.00816194,0.007053253,88.78925891,27.87213498,21.82116881,68.06884446,0.928683716,0.23234919,4.181177076,1.316109495,1.013887545,0.32550149,1.991498536,0.378598368,0.461362939,6.04876473,1.370867715,74.07791429,834.0510376,0.089962155,10.87283237,6.485549133,78.80087785,47.38033985,807.9640938,7.291547592,1372.771302,0.038746728,2.580722568,2.291242277,13.61046904,15.35782354,1082.205156,1855.767909,29.67347986,38188.25728,20.36707055,2.828248006,21955.59501,11.70965067,17.56066925,365.6965318,1700.950059,1740071.91,8.546632065,6.46955016,1.834935536,2.032228654,12088.84933,31.23161896,31155.99158,16.61652885,0.625307224,13618.63679,7.263272953,12.63235826,87.77347249,11078.57611,11333383.36,2.625764461,3.735911795,3.227677063,0.21573928
15.40680411,-0.87584205,-0.860538182,-0.546724367,0.047612131,-1.177674777,-1.117467672,33.32253031,33.32303889,33.33349379,33.358659,33.31243383,33.3144415,64.42340236,27.61257039,30.32421378,142.2121912,0.894548808,0.354509154,4.147014309,1.302577888,1.016226638,0.341994671,1.979336352,0.362906231,0.425662164,6.882931444,1.332642279,118.4184237,1637.307049,0.251333486,3.313390313,2.675213675,45.51339604,37.93046701,4012.084289,40.41801781,3575.196583,0.204023667,2.606985502,1.987836487,30.21997482,26.46565401,7902.334346,31827.51936,124.0169655,156018.0014,83.20960073,5.250184149,34939.48323,18.63439105,35.71159644,149.6581197,29174.13878,29845143.97,2.926447194,1.662555923,1.042292668,0.961954864,115052.0941,128.2619527,108485.7434,57.85906313,1.131029842,22859.00253,12.19146801,93.20098129,52.340246,105442.4809,107867658,1.54605557,1.607823267,0.584003076,0.31220817
22.27097673,0.250199632,0.263817837,0.564497242,1.141332929,-0.059843171,-0.006200618,0.049080979,0.052776179,0.034184076,0.545621913,0.008139656,0.005659467,114.3110412,44.74623042,32.03118765,75.83953317,0.992253392,0.242673966,3.340937942,1.169015646,1.015657877,0.460573097,2.029982385,0.629555862,0.484157459,5.248090392,1.379948672,85.67062674,2127.359589,0.13322366,7.116477273,4.84375,62.34351206,42.86712508,2967.053163,25.2492781,3385.877637,0.111981574,3.525968771,2.519473165,25.76123136,19.92791635,5301.159707,34920.26319,160.2868707,203806.5791,108.6968422,5.765989552,43972.5532,23.45202837,36.61890383,139.9573864,32009.39726,32745613.4,3.096448945,1.891569658,1.386642456,1.119621321,51271.28798,96.08730375,115080.5193,61.37627696,1.178552709,21065.39116,11.23487529,19.69433135,32.68862921,46989.93776,48070706.33,0.551388409,0.512074165,0.642379667,0.196598392
10.96412239,-1.093448985,-1.128735957,-0.703158382,-0.462845712,-1.462001117,-1.415720861,37.18932085,37.18800451,37.20390842,37.21480913,37.17558634,37.17729844,90.47622242,35.17587434,32.97387369,127.7004962,0.967965586,0.362801875,3.559736419,1.138941676,1.017912728,0.48127511,2.023033426,0.792520491,0.966774977,5.307099564,1.329375371,79.84711487,729.7638224,0.089052458,10.6875,6.09375,74.29249787,43.21615672,919.2201935,5.034355769,938.2557514,0.033646707,2.592397649,2.193680393,12.79391507,15.96437265,978.0402347,5521.750485,53.82455729,65783.73356,35.0846579,3.490656336,26110.91573,13.92582172,19.73962754,336.8068182,5062.323167,5178756.6,6.065716215,3.75140797,5.963585593,1.506056885,24474.96766,51.24301435,49460.57067,26.37897102,0.704416199,7246.860139,3.864992074,8.820959924,117.2910238,22430.95025,22946862.11,3.451837257,3.501354138,9.863322957,0.536708664
8.948984012,0.287255327,0.244334642,0.652284585,0.898855006,-0.046648037,-0.02370731,0.041249874,0.027961351,0.062903158,0.381305942,0.011051778,0.004040343,44.0656546,12.09039708,6.179239133,17.84308712,0.844501576,0.394349184,3.516316697,1.137135735,1.019752453,0.307021275,2.008936978,0.695335618,0.788390197,4.336164617,1.288805713,90.636693,154.5115878,0.074203935,12.13068182,5.417613636,68.54391687,30.95333088,254.9264875,2.498340027,202.8427327,0.015097467,2.55173105,2.197371102,13.90848221,13.07108138,234.513924,4870.841295,66.27540808,77249.46389,41.19971407,3.732064109,37794.5534,20.15709515,37.09434757,267.0767045,4464.400578,4567081.791,9.943978688,9.525472468,4.45244529,1.993224997,6426.770361,21.88114276,32142.67417,17.14275956,0.594216366,10995.44609,5.864237917,6.398787119,67.57207703,5890.621572,6026105.868,1.846312357,2.683215858,2.359972158,0.17461495
4.375353307,-0.299921348,-0.342446141,0.025237654,0.298008174,-0.632070758,-0.609081869,24.1616409,24.16063216,24.16953391,24.1787096,24.15359272,24.15414722,26.61594424,10.72724446,8.157739643,22.18364179,0.805473528,0.45420327,2.7374324,1.058125523,1.019187529,0.391449243,2.040110662,0.751515742,0.718213995,3.700632543,1.259736138,92.68314152,146.1070897,0.068353319,11.71590909,4.383522727,63.33020366,23.94372742,234.6576673,2.108372958,242.2021278,0.014290631,2.605496217,2.161928085,12.93092345,12.02812187,227.7116404,17291.23417,93.48290199,102347.6599,54.58541863,3.966779185,39799.68307,21.22649764,41.40371398,229.4829545,15853.47729,16218107.27,8.829785959,8.226914839,4.395745017,1.87589846,66650.13442,92.50082858,87785.84109,46.81911525,0.945188841,15438.84224,8.234049195,25.97464616,56.95277893,61101.06992,62506394.53,2.67579329,3.399832471,3.175179755,0.345930141
11.49152542,0.278884135,0.232456906,0.574488589,0.864689748,-0.050812407,0.001709108,0.038293993,0.030272911,0.034426841,0.272149361,0.011951467,0.009657408,50.96768455,17.16407937,13.21878005,53.9144584,0.829915122,0.554739132,2.105923056,0.973788848,1.019814414,0.366716653,2.038482453,0.906528511,0.893843968,4.779739923,1.285747349,93.30172758,176.8487387,0.065217821,10.23295455,3.730113636,54.89967804,20.39525886,215.5052241,2.061256438,269.0949866,0.017008199,2.599660012,2.043115376,14.16471408,11.7867107,208.6022606,10670.28715,73.30455388,90620.84857,48.33111924,4.0226678,37205.30337,19.84282846,34.45789764,241.6647727,9779.787983,10004723.11,8.199116935,7.083372636,2.989335494,1.975900763,79892.7248,72.78372475,91264.19493,48.6742373,0.855652087,12802.90972,6.828218519,8.962754927,55.31065272,73219.24222,74903284.79,1.752713951,2.544298256,2.336438603,0.237805379
17.22001469,0.186890309,0.255375029,0.525562135,1.49366631,-0.054913903,-0.004743352,0.045659292,0.042585902,0.030431435,0.675996306,0.006805005,0.006914591,70.59787436,23.2409518,18.36790448,59.59474673,0.938967223,0.253364116,4.066666135,1.326742081,1.014076143,0.274827078,1.987582834,0.303011476,0.331404714,6.057206451,1.374660347,64.85157442,792.6293068,0.090066654,8.814814815,5.347578348,77.43485464,47.36874316,1026.834449,7.780300267,1108.538882,0.059207795,2.478950106,2.057295712,13.52557821,16.17807389,1548.457529,57511.39889,198.2344683,261512.2742,139.4732129,6.499668353,56902.01294,30.34774024,49.50200592,134.017094,52723.83159,53936479.72,3.339600666,1.71820051,0.888922276,1.173855743,122240.051,135.0014335,159599.5589,85.11976475,1.465424144,24137.02708,12.87308111,19.73409429,31.07714404,112042.2788,114619251.2,0.968178858,0.560050602,0.391782742,0.30805687
21.45762712,0.224302513,0.270124505,0.551342182,1.283210719,-0.063779269,-0.000731885,0.042497813,0.044725194,0.030070817,0.502197132,0.005589993,0.005714666,136.8974355,49.3367629,25.82573351,68.10239536,0.97868756,0.269418755,2.701158246,1.114166876,1.016257126,0.440810089,2.020122549,0.534582051,0.491501718,5.066385866,1.378969114,92.52814029,892.5998723,0.124620156,5.715909091,3.8125,58.27115034,41.12673703,1622.506083,35.11075473,1902.763718,0.126568724,3.974918134,2.684988255,30.98288588,24.66197114,3726.72118,7842.351493,72.50219272,91350.18361,48.72009793,4.221896713,63535.67728,33.88569455,44.20166709,562.0997151,7187.511559,7352824.325,11.00996595,9.431931368,18.81673873,2.02045217,28858.79884,50.85400214,48465.01545,25.84800824,0.482021272,7993.348876,4.263119401,10.19735679,76.81070657,26447.41502,27055705.57,4.007003586,7.188883329,10.05590789,0.235959227
22.75476177,-0.144096662,-0.095164236,0.147905439,0.870429966,-0.426062163,-0.403809787,19.88780122,19.8887492,19.89359593,19.91361575,19.88214889,19.88258923,84.82189675,39.13895435,36.7253226,127.3410004,0.818143783,0.289882161,3.410034963,1.202102819,1.014957674,0.445406265,2.019618105,0.728155589,0.771327404,7.090556667,1.339242687,71.77261127,1402.937098,0.098103642,9.704545455,6.4375,78.84491513,52.71719264,1489.040909,7.868066641,1512.140144,0.038161618,2.521088739,2.120399432,13.54523489,15.26637692,1846.810045,10473.47173,79.31249321,104471.4127,55.71808678,4.630161974,31459.85725,16.77859053,27.81363871,167.6789773,9599.639534,9820431.243,4.089011789,1.951737837,1.161228527,1.296056623,51299.76154,64.68280564,53729.57037,28.65577086,0.428174212,11210.84679,5.979118287,25.04956374,33.16919112,47012.25569,48093537.57,1.638302464,1.983455351,0.295140602,0.236144042
17.96610169,0.223721238,0.271848516,0.559884465,1.329684341,-0.072852116,-0.002507314,0.043591096,0.052580972,0.037970246,0.838004694,0.007619917,0.007003177,91.27090526,24.12892044,14.12159298,42.65199193,1.00080161,0.262106338,4.269964176,1.293541245,1.016528996,0.343982879,1.982768412,0.433081308,0.408851746,5.206131029,1.360446606,103.9625719,1130.447697,0.167205309,6.474431818,4.161931818,54.37793417,36.23563722,2535.589691,31.9415633,2294.857792,0.163822074,3.984262324,2.628390606,26.30056075,19.97133408,4933.475024,48732.76134,160.6932371,184269.9024,98.27728127,4.911763579,41002.69274,21.86810279,39.7158821,185.8551136,44673.2994,45700785.29,3.328376665,1.947749745,1.075744629,1.143367109,146191.3273,151.387412,158489.0666,84.52750216,1.732600002,29063.72683,15.50065431,34.35280914,67.92056713,133984.2592,137065897.1,1.292540099,1.079019496,0.926629577,0.355861565
4.871586199,-4.798612361,-4.717138357,-4.452456722,-3.466007365,-5.00578147,-4.981722909,70.34672682,70.35249225,70.3711975,70.44190955,70.33207769,70.33377811,109.6205816,39.30756289,33.53604387,116.2279944,0.946551127,0.254063608,3.76895594,1.27372358,1.0138733,0.344855015,2.007387941,0.41075692,0.412665221,6.566983298,1.351658018,78.49619609,1231.183081,0.113722516,8.794285714,5.602857143,72.66474149,47.05481109,1745.569175,13.78034337,1652.70459,0.09380125,3.015762671,2.349344676,15.77327618,16.0625859,3527.528093,17232.19185,100.1548696,134072.1001,71.50512007,4.85656738,47527.18578,25.34783242,38.57743826,244,15795.92437,16159230.63,5.265993902,2.955147879,1.216169085,1.56481751,41916.40302,84.87315984,109058.2454,58.16439755,1.280811759,27653.67486,14.74862659,24.98014839,68.6881566,38417.61784,39301223.05,2.217415303,2.448195901,1.685069604,0.338737946
0.203386,0.134001184,0.238224623,0.552337679,1.837030897,-0.050384532,-0.019501573,0.023652474,0.02796948,0.028645063,0.435778454,0.006100685,0.005195093,78.04940246,23.26810084,18.20023171,62.7962919,0.807695449,0.316663233,3.531099116,1.181713575,1.01819646,0.469858801,2.020907538,0.761894011,0.790573541,6.395521543,1.359712344,84.40221645,200.6715209,0.07588014,12.11363636,6.207386364,69.34543214,35.64338018,265.0708106,2.593890802,241.3160565,0.016252713,2.59011152,2.406112479,13.63010136,13.74874993,185.9102159,21021.1405,112.2934139,146145.8702,77.9444641,5.035764148,51710.82409,27.57910618,41.51174396,245.6590909,19271.38507,19714626.93,5.610714181,3.072738647,1.129323786,1.62797664,84396.90072,91.73551625,104558.1138,55.76432738,1.149027979,17809.97204,9.498651756,17.37676047,63.93082845,77349.76575,79128810.36,1.91469041,1.697761689,0.569205054,0.367078302
9.325546345,-0.151091274,-0.066895227,0.116928123,0.999755512,-0.433145078,-0.415978107,19.88744518,19.88913715,19.89276435,19.91723964,19.88181639,19.882157,72.94944933,29.25277256,28.06457959,104.9536777,0.906579277,0.396951413,3.246576241,1.137130702,1.019170167,0.48698601,2.022307717,0.793740329,0.855234754,6.505620521,1.30941691,75.17974372,379.235421,0.075622276,11.29829545,6.264204545,73.46045823,40.83558369,471.5175475,3.235218809,474.3952891,0.016369071,1.996928734,2.475119934,13.29980484,16.4448393,381.7689752,10957.36231,59.46623478,77002.46503,41.06798135,3.84959173,48755.0909,26.00271515,37.44112804,433.84375,10042.85545,10273841.13,10.66874975,9.411898526,2.267490734,2.130334797,130388.9759,86.15022858,76927.23916,41.02786089,0.767585561,16642.85664,8.876190206,19.50092961,73.95887997,119491.4333,122239736.2,2.328939533,3.270535339,3.955839252,0.208508934
5.670576237,-168.854768,-168.843404,-168.6037748,-168.1792999,-169.1064456,-169.0663561,374.907881,374.9130073,375.0210971,375.212611,374.794355,374.8124383,81.80485534,24.32479152,17.07212346,52.72254587,0.919351069,0.260131103,4.247178398,1.26897159,1.018739637,0.38541436,1.996220973,0.767581391,0.704276095,5.00060362,1.378074211,95.59378168,232.693875,0.063192106,8.539772727,3.423295455,47.41543012,19.26900858,239.5671601,6.218612659,329.5492127,0.029944755,3.069943728,2.019738519,17.40977822,12.22589648,391.2027621,26423.99466,132.8908335,178345.9736,95.1178526,5.700469428,70825.94296,37.77383625,60.75864225,257.0625,24222.38028,24779495.03,7.168752978,3.744472157,1.60113248,1.720198671,60155.30813,93.63718365,104616.5663,55.79550203,0.907230658,13831.01402,7.376540812,11.2978335,60.92102341,55135.60652,56403725.47,2.852161132,2.47774823,2.252155391,0.440288631
18.01289058,-0.470197662,-0.434753921,-0.180804815,0.495609456,-0.764515718,-0.701674248,26.74830417,26.74924546,26.75603795,26.77842363,26.74040065,26.74208032,71.25790911,30.69717918,28.17115445,104.2751372,0.89532609,0.417673776,3.166594523,1.089103135,1.017802471,0.406390934,2.029325297,0.824263467,1.1935459,4.533827099,1.202083899,92.26163663,381.3439033,0.097251939,10.21022727,5.159090909,63.64522736,32.67962903,683.6323844,21.20224294,884.4577197,0.083274367,3.898004728,2.617191258,19.58009623,15.47595848,1627.686273,364115.742,113.964024,100577.3721,53.64126511,3.435388171,55871.44256,29.7981027,78.05572547,432.7159091,333767.7018,341444359,11.59692778,11.09574058,4.793167114,2.135615016,4012560.205,592.6010125,470513.8352,250.9407121,1.309140113,136371.0333,72.73121778,353.1355198,63.77993038,3677447.076,3762028358,1.589715096,2.223941109,4.064356267,0.086045248
3.593152671,0.28496197,0.225938813,0.653684088,0.804901645,-0.04962932,-0.020952113,0.023089782,0.020042411,0.040934952,0.193814905,0.006501295,0.003696877,83.68480981,25.13104688,15.19686136,35.73851452,0.971151768,0.209040382,4.257212525,1.317852022,1.013788539,0.320974854,1.996065145,0.45009687,0.504148579,5.934623949,1.376252957,63.90854991,1029.157249,0.088863212,8.729344729,5.452991453,75.32041558,47.14368411,1388.410777,15.73067089,1819.494779,0.072570652,2.424523185,2.138358371,16.97463034,17.26878903,3369.352924,38269.78887,118.0335626,144632.7446,77.13746378,4.586490492,41969.24626,22.383598,35.23256993,250.8660969,35089.3047,35896358.71,4.615745535,2.734409778,1.192359164,1.383496754,137834.1497,156.0389395,180098.6696,96.0526238,1.75257342,44940.8489,23.96845275,45.35975299,113.8701553,126402.1127,129309361.3,2.460023735,2.308092916,0.59589807,0.395592035
26.88135593,0.22732044,0.269560692,0.558160607,1.271828038,-0.056225957,-0.002077468,0.043960932,0.045416017,0.031522008,0.520462101,0.006959609,0.006419215,77.47658359,31.98623603,25.45104949,85.25873694,0.95946562,0.336903551,3.034377569,1.119540427,1.014799975,0.407662821,2.051830193,0.538045797,0.614121177,6.26049214,1.341705842,102.2074149,439.4149578,0.070843747,7.163793103,3.479885057,53.25219254,27.02587502,808.1129945,44.7768167,1036.227637,0.068109127,4.419673817,2.786904514,30.4030541,22.27489775,2062.40025,692612.4211,455.5166392,619801.7482,330.5609324,6.883172983,132848.7432,70.85266305,112.4425633,209.5862069,634806.9312,649407490.7,4.13508017,2.588206324,1.435904667,1.156709896,1337694.306,696.5368226,1012506.858,540.0036576,6.282509932,205286.6433,109.4862098,163.4087225,107.9892291,1226038.042,1254236917,3.045063967,3.690215475,2.845464771,0.44559658
31.62711864,0.21646494,0.303796982,0.482454696,1.554442151,-0.028820639,-0.005385136,0.046916413,0.020895994,0.034954433,0.76320704,0.01269488,0.010329815,64.25672926,22.10411273,16.43758253,40.33119674,0.996445424,0.238723708,3.867723514,1.205756249,1.016027322,0.461177135,2.018936133,0.733504356,0.657756808,6.032199674,1.375438472,68.22166303,1502.085992,0.100469784,10.27840909,7.238636364,81.86016396,58.81770241,1385.793474,8.133154207,1736.143967,0.027665666,2.291731623,2.079359157,12.39872088,17.28096239,1079.951419,8949.152398,50.45864891,55124.9348,29.39996523,2.995860576,16831.34109,8.976715249,15.46442175,253.3190883,8203.560243,8392242.129,5.002791863,2.821876113,0.938306847,1.377786758,106044.5301,80.02762589,69021.91,36.81168533,0.746616918,7914.889487,4.221274393,16.17907486,72.01970809,97181.69633,99416875.34,2.896703259,2.58022462,0.846719433,0.48842516
16.68959539,-0.513118699,-0.407357215,-0.178590248,1.014075279,-0.764948099,-0.725027957,26.74691502,26.74977174,26.75584614,26.81254802,26.74013336,26.74120157,84.27610036,34.07979706,33.25741039,126.0695762,0.867796577,0.312425231,3.825683043,1.235024073,1.016388989,0.407143236,2.010697974,0.595584453,0.654033839,6.859125512,1.339871623,69.27037624,1235.633659,0.094761765,9.076704545,5.994318182,77.09539583,51.34104618,1342.474979,7.67132644,2054.271684,0.048928517,2.583233184,2.10787797,14.13123181,15.48075411,1992.835291,8397.142114,75.76682425,104275.2133,55.61344711,4.692001323,35408.64772,18.88461212,29.94531885,179.9772727,7696.892465,7873920.992,4.571744462,2.204374834,1.228505915,1.393124271,39573.46466,51.55019853,46722.69916,24.91877289,0.406049057,13313.71951,7.100650406,17.49641878,43.41317806,36266.16416,37100285.93,1.485887074,1.482839385,0.954216527,0.257325813
6.101580008,0.255120195,0.283484625,0.587078206,1.13216403,-0.026713157,-0.025006839,0.027817217,0.052003087,0.039312453,0.314397056,0.015042225,0.006603672,87.77674923,22.62844168,11.2280302,26.34506935,0.986112467,0.178199295,4.735213303,1.403323955,1.013167304,0.278790759,1.964943604,0.30570908,0.355121761,5.316546402,1.378599368,91.62565561,112.8361375,0.061362868,8.369318182,3.59375,47.70381919,20.72612427,178.5933627,3.300307398,138.0530867,0.020185557,2.935862037,2.26692263,16.88311429,13.37907363,188.5095976,9298.974585,77.40761341,93485.2663,49.8588087,3.958335855,42052.41118,22.42795263,36.072571,299.0397727,8524.361308,8720421.618,7.276242268,5.052739924,1.890529286,1.862491059,15373.74342,57.5195936,66476.53174,35.45415026,1.095133379,25276.06765,13.48056941,22.32580427,95.78582648,14090.95393,14415045.87,2.603168412,3.051001006,1.574933806,0.343758242
24.38780798,-0.292044716,-0.311821062,0.053453148,0.33114313,-0.695526463,-0.648846923,25.11780754,25.11731036,25.12649473,25.1344663,25.10764282,25.10881489,76.48432294,20.25474314,11.47422717,35.72897156,0.971290947,0.350215893,3.783174697,1.2021339,1.018166377,0.280300853,2.004555174,0.537823142,0.731789874,4.871459008,1.346596644,104.6956126,676.7913692,0.11699175,4.738636364,3.357954545,51.99447746,37.94750349,1114.495978,39.52400933,1101.605323,0.125706534,3.989316181,2.904198434,34.36610331,27.33824896,2108.251478,5851.056628,73.85985295,104740.5258,55.86161374,4.711449723,48067.57658,25.63604084,38.65815583,233.5555556,5363.291175,5486646.872,6.841073202,3.732708445,1.175491898,1.80433017,4595.703452,19.91215151,27006.48089,14.40345648,0.406194785,26929.45506,14.36237603,18.87524551,105.5008495,4213.941173,4310861.82,1.935781763,2.68770852,0.140252932,0.182880223
17.97608841,-0.349413883,-0.281632243,-0.054206916,0.801406312,-0.602920245,-0.590215313,23.96470116,23.96633422,23.97176345,23.99847841,23.9585989,23.95890328,46.12265976,12.6761869,8.184528733,26.49789614,0.7617292,0.323195154,3.616168729,1.195614514,1.019137246,0.388385126,2.013198541,0.697274181,0.59970075,3.305219147,1.260358707,80.94967541,701.7951976,0.088800775,11.67045455,6.607954545,76.16565742,43.75705359,803.0224388,6.608069466,1021.729805,0.02817906,2.272471577,2.268796316,12.73118026,15.97198522,869.6137502,11594.37917,74.21081136,91598.74824,48.85266573,3.8316864,27932.60859,14.89739125,21.46504039,300.6761364,10631.0376,10875551.47,5.922978597,4.105481234,1.059445468,1.511675643,30720.02742,78.04087285,90792.95988,48.42291194,1.250255609,10583.2976,5.644425386,10.79368055,118.5103692,28160.41828,28808107.9,3.395336375,3.400417616,1.477128226,0.655845023
11.59322034,0.253771006,0.398729665,0.539427903,1.613269719,-0.044679118,0.001124581,0.02781141,0.038656572,0.027690992,0.458626251,0.012353501,0.003089779,93.98767692,27.28716617,18.35762017,52.23469074,0.967894949,0.238306406,4.759184438,1.312958786,1.017415129,0.326246141,1.982420276,0.572486324,0.665276543,4.975096788,1.366809108,75.33076418,742.8192442,0.106468441,10.70170455,7.542613636,82.96695923,58.89607851,1228.382614,7.278049968,787.9705666,0.047740322,2.31575568,2.184241596,11.82120103,15.31994437,1038.439571,24257.91177,96.2661025,121662.1049,64.88645593,4.428936873,44385.48243,23.6722573,36.67283302,314.6335227,22239.27687,22750780.24,6.074454803,3.54125283,2.281188965,1.669050374,88811.11541,122.457167,143432.5794,76.49737569,1.417760011,23646.89059,12.61167498,45.83832775,85.95595008,81417.16618,83289761,2.453534861,2.210631469,5.451313175,0.465473896
10.44048135,0.217615358,0.243198966,0.531722954,1.248968229,-0.029199542,-0.019038022,0.057617562,0.023937072,0.07481924,0.537685346,0.015263747,0.007173126,61.81042741,22.93127768,19.44701121,67.02984053,0.955228517,0.412354125,2.853777186,1.074116168,1.018951552,0.544369572,2.038348715,0.963980924,1.036811162,6.536306241,1.312221947,64.52511775,749.1154512,0.090760295,9.559659091,6.801136364,80.34710633,57.63354977,1203.427877,4.489218582,944.2129728,0.027219973,2.204558268,2.150633856,12.46242993,16.50644536,1267.034457,908297.1327,173.2793928,187630.008,100.0693376,4.762256411,39809.20263,21.23157474,37.29648383,210.5,832508.2867,851655977.3,4.588931442,2.795132724,1.217061823,1.447630478,9654551.419,937.1991998,768231.6873,409.7235665,1.36652406,53775.40675,28.68021693,115.5335064,64.86366822,8848305.733,9051816765,1.968612787,1.847978676,0.703273141,0.412281951
21.86757216,-1.529700183,-1.428596926,-1.195936208,0.153073158,-1.764787625,-1.720088066,41.36923104,41.37345478,41.38303645,41.46342313,41.35944434,41.36129566,77.28029591,38.38651204,41.16870522,136.1699428,0.853863436,0.439017025,2.317662773,0.981882096,1.017488964,0.64576001,2.067917875,1.129108856,0.882651428,7.471625053,1.338078564,100.4066479,91.27876164,0.053405099,7.835227273,2.161931818,37.96379177,11.01828298,151.1686394,5.905027837,218.7880267,0.03240101,2.946706165,1.772397168,13.83617583,9.85072465,592.2240768,9473.474076,61.38961532,72778.79216,38.81535582,3.463907736,37133.54854,19.80455922,30.21375401,380.9316239,8683.086357,8882797.343,9.649324242,8.277653969,5.436997808,1.96213016,39056.44885,75.53528526,88496.34289,47.19804954,1.137695703,28782.01984,15.35041058,23.77000752,79.98761227,35795.74701,36619049.19,2.869891087,3.604723462,5.887369306,0.289995378
7.103176124,-16.66693097,-16.60853781,-16.41369175,-15.6433914,-16.92182401,-16.920102,129.00785,129.0155097,129.041071,129.1432223,128.9744028,128.9746286,81.22368702,29.09030065,20.96126393,73.7491183,0.996158693,0.395108996,3.685024731,1.124477244,1.018730964,0.385612045,2.017213906,0.646500339,0.981856834,4.732951265,1.22666568,84.19118593,1474.939649,0.163077283,6.579545455,4.965909091,68.05269831,52.7141,2917.119766,30.71361518,1886.338237,0.142810788,3.5594675,2.615290978,27.74102347,23.72163715,4542.851475,2871.157268,48.60548052,70725.06673,37.72003559,4.096171443,76743.52238,40.9298786,51.81285417,712.5823864,2631.311096,2691831.252,20.96226673,24.46954901,24.9006098,1.713132451,7393.395083,22.5551056,20789.79215,11.08788915,0.285760403,15374.16048,8.199552255,17.69974842,36.39670981,6775.521418,6931358.411,2.372773106,2.591106196,1.836790049,0.178901844
16.02556786,-9.796277858,-9.748971499,-9.527320022,-8.868791123,-10.09937601,-10.07081993,99.84951734,99.85429023,99.87663804,99.94357507,99.81895051,99.82182777,140.9019422,51.19812853,32.40596097,62.47519358,0.986668649,0.163068403,3.298231125,1.307469286,1.009421307,0.291816004,2.002191414,0.381456616,0.345417152,5.059872477,1.384741685,80.75079048,1104.103279,0.08386988,11.43465909,6.247159091,73.71858624,40.74238784,765.2502409,5.8853895,1070.257216,0.022688176,2.604899862,2.279788392,15.07012109,15.33621748,716.3154192,9087.263587,71.00834448,93745.48699,49.99759306,4.202846063,41957.95289,22.37757487,33.36646184,290.2079772,8328.831171,8520394.288,7.39329914,5.155470976,2.832309473,1.971343286,70065.76467,63.60568941,61242.35088,32.66258714,0.784356803,14746.72919,7.864922236,15.03322213,74.41984192,64209.87375,65686700.85,1.766769249,1.847423838,1.515352034,0.20224961
25.97152096,-3.854305122,-3.787843461,-3.50347225,-2.86996585,-4.194521263,-4.148630062,64.25167783,64.25599477,64.27431381,64.31659828,64.22971967,64.23267975,58.98812449,19.33315824,13.63447069,45.7947858,1.003594011,0.492075226,2.58670038,1.033730006,1.019727836,0.476997426,2.039650901,0.903104113,0.85625382,5.133681391,1.300307,62.39738086,1618.010115,0.125635963,5.701704545,3.744318182,66.44457973,45.01663819,2741.919193,18.17577788,3226.540116,0.137656017,2.418958605,2.086883167,21.89355992,24.21963247,5462.234088,3884.572531,49.77825985,60586.02555,32.31254696,3.331124421,27335.32478,14.57883988,21.15274509,361.4630682,3561.206287,3643114.032,6.706937006,3.976475109,7.362365723,1.657799009,7360.426793,37.51582792,42073.17524,22.4390268,0.783693974,11583.37141,6.177798086,10.13079693,99.27675275,6746.540376,6901710.805,3.151481704,3.509749183,10.61992012,0.447065174
40.54237288,0.190114553,0.267418595,0.483027035,1.620667417,-0.017547284,-0.012794892,0.047628667,0.023150912,0.031154152,0.920956962,0.005729985,0.003561602,73.83403964,17.19402459,8.550446729,18.44829077,0.967738015,0.140684118,5.261488366,1.396892176,1.014265082,0.293210782,1.982031588,0.413091877,0.481938375,5.402084593,1.380155932,77.7607014,588.2584952,0.113387132,7.255681818,4.394886364,66.32712477,41.70608982,1574.741546,24.80321108,1430.306456,0.128868537,3.624799617,2.573968679,24.85574633,22.20105871,4126.449794,508526.3851,499.6638757,557725.4241,297.4535595,6.822653142,84985.21113,45.32544594,91.606942,184.3494318,466192.7719,476915205.7,3.358094491,2.161546187,0.926277854,1.026258061,940998.0021,508.8792625,605393.6584,322.8766178,4.043104499,94605.75506,50.4564027,98.46083535,121.9702136,862551.4916,882390175.9,2.495781762,2.077304164,0.468380427,0.512044901
30.37288136,0.188118499,0.279881092,0.518296067,1.627840245,-0.042743605,-0.016144649,0.045546716,0.020253576,0.030683137,0.628104197,0.005006199,0.004386746,85.05021116,23.3808669,18.32879869,65.01958231,0.953683428,0.215165111,4.731075508,1.367108257,1.014266894,0.305682208,1.979961484,0.363348429,0.413243688,5.794905247,1.366470063,91.17348604,276.6652721,0.081130371,8.35042735,4.672364672,54.31228066,30.98322977,579.2830945,13.13677784,920.7864759,0.048489219,3.430173401,2.548292505,21.74008607,17.27267161,1678.498917,104000.2642,161.1371531,163599.7605,87.25320561,4.956951693,45092.04303,24.04908961,71.15326527,176.8860399,95327.26324,97519790.29,5.04984885,3.387364227,1.592130743,1.412774352,582982.0635,279.3694231,132586.8382,70.71298036,1.442380022,43341.48228,23.11545722,258.8647953,51.42686123,534280.6494,546569104.3,2.922676621,3.365964875,1.509825984,0.571983782
8.304928344,0.320658766,0.352845206,0.602810323,1.116348388,-0.022191793,-0.012372657,0.030160132,0.041725548,0.031964147,0.220112337,0.010060676,0.004049322,70.85167185,29.39065497,29.96799227,132.3776209,0.82807161,0.450574025,3.044771407,1.082403436,1.018825284,0.45323394,2.030978508,0.770848843,0.855630475,5.940247388,1.303957424,81.57841544,1455.346343,0.108860991,11.88888889,8.014245014,81.83614471,55.76816328,1553.084247,4.8250872,1636.962043,0.024133783,2.208934633,2.256316727,11.34554859,15.64731118,1364.731874,1945.292363,41.83056366,55883.62731,29.80460123,3.447570016,40085.62175,21.37899827,29.50703211,458.1709402,1783.028016,1824037.66,10.78522321,9.161533454,7.956654258,2.144185116,1632.408419,13.98851009,19193.81321,10.23670038,0.480600335,13149.63985,7.013141253,9.819661268,71.08892035,1496.47342,1530892.309,2.423458557,3.455767463,10.62367285,0.17521094
5.439864003,-1.285996088,-1.099403994,-0.936250999,1.045123967,-1.479854379,-1.434845678,37.83954577,37.84671653,37.85279023,37.95637414,37.8321849,37.83388896,49.60375917,17.44834332,11.84696483,35.00435993,0.901879585,0.387994141,3.952223086,1.149312858,1.01898819,0.453884755,2.015227192,0.830345675,0.871694738,5.387427399,1.338895563,145.1542599,501.8233478,0.189199987,1.383522727,1.235795455,25.3624804,23.3443486,1721.255149,31.25606417,1364.127474,0.202891795,1.706625152,1.455230552,30.15070699,28.41239736,4138.999913,14577.28491,89.33453314,123181.2821,65.69668377,4.880668457,41269.51564,22.01040834,34.87668247,202.6704545,13363.21164,13670565.51,5.694230678,2.857208252,1.613270153,1.694200934,63284.49956,81.23458433,98118.76079,52.33000575,0.904023093,15140.4891,8.07492752,15.22600595,36.06149155,58022.09377,59356601.93,0.839755689,0.398772317,0.583131563,0.191487288
4.474492006,0.262448586,0.227218061,0.571395121,0.891611996,-0.03086561,-0.018030902,0.026417469,0.019975716,0.04293332,0.316357474,0.00683494,0.003864121,61.33728804,23.31148046,22.00597729,65.29391881,0.820722417,0.302979415,3.208459722,1.136796341,1.016200845,0.482752256,2.041207788,0.845440677,0.794858391,6.999119609,1.361250927,76.47709781,397.0607694,0.085252885,11.40909091,6.568181818,76.91732464,44.62224886,648.9326233,4.747635657,519.4358847,0.018474518,1.894287847,2.208174146,12.17099292,15.72813122,509.2211335,17224.17321,76.56396525,94808.15286,50.56434819,4.022941675,30682.65227,16.36408121,25.59351047,227.6524217,15788.6971,16151837.13,6.584048896,5.097391938,1.996423444,1.797954333,57759.73983,106.6042329,114055.1051,60.82938936,1.298119116,20969.41971,11.18369051,19.79482912,66.07906849,52941.57747,54159233.75,2.13350604,2.475459012,0.74019377,0.397826817
8.008370331,-0.836271829,-0.6814173,-0.569056031,0.764439156,-1.092573629,-1.080899434,32.6092633,32.61432061,32.6179738,32.68007425,32.60087835,32.60125849,56.35136952,20.48453505,16.83034042,50.66452945,0.971724987,0.412040228,2.35537974,0.991959531,1.017411684,0.639626284,2.064561852,1.182676273,0.912231653,7.281904019,1.349223788,89.7468257,148.7087518,0.083094206,9.227272727,5.571022727,55.93565181,33.93060439,329.8493007,3.022098078,181.0807412,0.018242687,2.642430324,2.166522423,16.05810744,13.93163922,256.386647,54236.4834,138.5993124,180391.3036,96.20869527,5.55188687,44984.51767,23.99174276,38.054624,167.3721591,49725.22834,50868908.59,4.734422135,2.689881758,1.982428811,1.509701123,352132.5234,187.1872938,193300.5353,103.0936188,1.299158535,17455.03816,9.309353686,29.21588537,29.99764419,322748.515,330171730.8,1.540936661,1.269455989,1.055636453,0.38356604
8.101542344,0.241165013,0.247309559,0.553299068,1.121812453,-0.035976823,-0.013649681,0.053305403,0.029361412,0.101251427,0.473503359,0.022088578,0.004059163,45.82595251,14.88449636,12.19391173,57.22285996,0.910006807,0.561770498,2.493641732,0.984757893,1.019780864,0.306323887,2.036615583,0.658450323,0.917824161,4.636304867,1.09672333,88.49764321,276.894702,0.080960075,11.90340909,6.21875,70.14339622,36.93774993,388.9486753,4.395880108,301.4478168,0.017896736,2.614815692,2.615598016,15.20042368,16.06693328,315.2571538,14953.46254,97.29103799,122846.3188,65.5180367,4.687041136,54829.70421,29.24250891,44.22051174,329.7869318,13705.83539,14021069.6,7.737766893,5.549517545,5.937402899,1.948433151,48437.16647,74.08874857,86060.37351,45.89886587,0.925379331,8708.143427,4.644343161,9.329601763,86.85599072,44392.61323,45413643.34,2.189635867,2.221882153,9.153339711,0.353195331
22.57584603,0.194333115,0.286644386,0.526486573,1.946377723,-0.063118036,-0.010351088,0.061744688,0.08780556,0.039471895,3.290358118,0.012937956,0.009637362,50.98443605,15.23469894,8.60285996,32.06837622,0.574356855,0.424111116,2.955127641,1.106116624,1.018890372,0.335970128,2.026237334,0.805386411,0.607534754,4.461618977,1.339660935,72.1462499,1075.47033,0.119039624,7.871794872,5.113960114,74.64637412,50.0353971,1453.140611,21.15117504,1646.207148,0.111249637,3.075141935,2.249052726,17.97177492,17.69372654,2421.522316,7191.765887,58.17414752,73616.81809,39.26230298,3.682900014,28367.6715,15.1294248,22.7156755,272.7948718,6592.546951,6744175.531,5.951309999,3.615159255,1.024382067,1.688091585,44378.8925,61.71378668,64918.37661,34.62313419,0.91837044,14331.495,7.643464002,14.15598229,77.38900204,40670.45797,41605878.51,2.165438567,2.080834726,0.748940171,0.402684322
19.86440678,0.227570516,0.269198572,0.558817965,1.342574379,-0.064479781,-0.00442848,0.050637407,0.066269532,0.038150314,1.026793413,0.008132601,0.005778428,38.1361967,10.55211006,6.835572981,19.79311824,0.782300778,0.280588542,4.650972696,1.270037009,1.019272112,0.310090884,1.990109013,0.605171136,0.623340415,3.32010784,1.287305193,62.95718206,1464.447462,0.105390061,8.397727273,5.903409091,80.02002273,56.80744832,1916.279996,12.5781403,1797.079859,0.082800004,2.849600342,2.403073263,15.6973678,18.66137061,3345.801563,4097.957475,55.17880761,74284.63115,39.61846995,3.950466715,28525.1223,15.21339856,26.06588685,215.4301994,3756.081257,3842471.126,6.587279431,3.066538406,1.004906461,1.800915182,16727.23714,32.45938192,28066.38655,14.96873949,0.285081355,7930.715142,4.229714743,7.410141963,42.18734637,15329.23163,15681803.96,0.993831456,0.712281108,0.199906343,0.176761896
