,bandPower(){}_0_delta,bandPower(){}_0_theta,bandPower(){}_0_alpha,bandPower(){}_0_beta,bandPower(){}_1_delta,bandPower(){}_1_theta,bandPower(){}_1_alpha,bandPower(){}_1_beta,bandPower(){}_2_delta,bandPower(){}_2_theta,bandPower(){}_2_alpha,bandPower(){}_2_beta,hjorthActivity(){}_0,hjorthActivity(){}_1,hjorthActivity(){}_2,hjorthMobility(){}_0,hjorthMobility(){}_1,hjorthMobility(){}_2,hjorthComplexity(){}_0,hjorthComplexity(){}_1,hjorthComplexity(){}_2,sampEn(){}_0,sampEn(){}_1,sampEn(){}_2,DFA(){}_0,DFA(){}_1,DFA(){}_2,PFD(){}_0,PFD(){}_1,PFD(){}_2,LZC(){}_0,LZC(){}_1,LZC(){}_2,HFD(){}_0,HFD(){}_1,HFD(){}_2,ApEnt0,SaEnt0,Sh_Ent0,fuzzy0,Multiscale0,Sp_ent0,wave_ent0,EEG_mean0,EEG_std0,EEG_kurt0,EEG_var0,EEG_skew0,ApEnt1,SaEnt1,Sh_Ent1,fuzzy1,Multiscale1,Sp_ent1,wave_ent1,EEG_mean1,EEG_std1,EEG_kurt1,EEG_var1,EEG_skew1,ApEnt2,SaEnt2,Sh_Ent2,fuzzy2,Multiscale2,Sp_ent2,wave_ent2,EEG_mean2,EEG_std2,EEG_kurt2,EEG_var2,EEG_skew2
0,1370.3940750608149,256.17695416573815,106.5608047208095,150.90787193573573,851.4189396114364,228.5732155300728,114.61676225699563,188.95663201366466,935.6729755366769,348.94043379551727,178.17811952187867,325.21582039919946,11.68939029244869,4.0346422219054725,4.341304500836715,0.14205579362185497,0.0974233001146754,0.1791718317474249,4.407604483361388,4.75542615088346,3.606361578243556,0.04810386940775569,0.06151487950361274,0.11513100153520421,1.2376233076490306,1.2407847505797955,1.1348313195773945,1.0088452935465184,1.0088219804730891,1.0135290146387455,0.170531213926465,0.1683165228365109,0.42079130709127727,1.9148011668196143,1.8835893180691003,1.937098130819134,0.24794817427773763,0.11749426683199347,12.45763738099176,0.18145558536875458,0.18181671787373402,7.06128080780947,1.3834333682744986,-9.853021603431849,3009.210402938963,12.877361316923816,9055347.249156075,-0.9122578279572782,0.23145473904737512,0.11348846563557478,12.45763738099176,0.17779659362217182,0.13035777508848467,7.083743599958432,1.376935033345374,19.418541172838356,2861.4847812161343,26.023221346153466,8188095.153131548,-2.1455582991197315,0.1537589309516314,0.05793124972607692,12.45763738099176,0.13114871734758415,0.06838919637824019,7.094827874413858,1.3542338265168599,-23.07084320974408,5376.035845393599,46.67222339801204,28901761.410956867,-1.4690186702697825
1,264.800306643067,94.83121743271744,45.87883777345171,60.065600429876866,240.06576207488723,70.82385955422096,36.9116137274384,101.23450224667319,82.67629582764567,61.10883200415747,69.52073447658867,221.68584672826913,0.3372888364032339,0.3051603559130901,0.0803142621583988,0.1405959703917544,0.14303759459405468,0.48202390029496167,2.962552949493099,4.47849960497412,1.6822172078957205,0.20820914674246124,0.204628361755555,1.0106434869033416,1.1044587275493132,1.119447451354152,0.8005033005800095,1.0109904696606575,1.0096435744523828,1.0151488927112362,0.21039565354563863,0.20818096245568454,0.6245428873670537,2.0377740111062126,2.0602070107374213,2.0913783856045436,0.8527853455619989,0.7622406391224669,12.45763738099176,0.5600227758350236,0.36620784349135116,8.383627195990037,1.377889163122285,-3.304927345704229,559.3517550581932,10.192340406898904,312874.38588668103,0.23283143512374035,1.0434343017165215,0.9715969826528708,12.45763738099176,0.6920900318545151,0.33679478704895793,8.760258355583769,1.3660439989622088,5.827462339757291,394.3933509160183,9.55982354838522,155546.11524676555,-0.3002875761825734,0.8281742254934823,0.7389723425764676,12.45763738099176,0.545148381590805,0.38255873217477776,8.251320694640896,1.3797680950348241,-4.1362372043113,672.762232894782,6.657495700346125,452609.0220095728,-0.34398487599769817
2,159.37933926976964,41.00442068793936,28.12662157818052,123.01162966874716,300.3495229601872,113.65993524922101,73.13800096358966,392.00381541444506,125.18995175368997,107.63018733764724,114.92346244640001,639.4495686293526,0.24468765775982032,0.563085516153429,0.33791527393093396,0.19022050595111406,0.3388493048155415,0.6819253295362437,4.028207662889796,2.513479597265396,1.2878521040639161,0.25066148744705197,0.1927521739591533,0.5493506984722062,1.0786476942068282,1.0688967706372354,0.7353546500190767,1.0122649387613514,1.0094192340483785,1.0155065909826637,0.2524747842547664,0.2170397268155009,0.5935372121076964,2.0428349015631295,2.025931384680246,2.070215855074011,0.5756207939972868,0.4680018749015933,12.45763738099176,0.3775346568895075,0.17420360932031917,9.836375366450705,1.2959815820872347,-9.296141582446769,963.3353946785617,40.217116804527315,928015.0826405003,-1.226966963130162,0.7272038314335076,0.6230889668143031,12.45763738099176,0.47660298189007666,0.2505185205625474,9.346572781893622,1.3433446687298838,4.272985105077595,686.2190036052798,19.537820359943748,470896.52090902295,-0.5642813084166042,0.7134696062455004,0.6139030317880614,12.45763738099176,0.4675378979292056,0.2499750152080256,9.31227160673195,1.3695014281736229,1.250024510588304,854.641983891031,17.647598119098248,730412.9206291974,-0.41380251505877147
3,150.658702577061,36.95151705870673,23.052586903403704,101.01841261274635,241.41745755807827,87.35319058748209,74.55881647144393,318.4638073752542,141.20802647221882,133.00536350384007,123.03770672073934,507.7355119755649,0.13889589951136536,0.3443585852209038,0.2813025651076561,0.1878917052084715,0.35831244660663814,0.6214901839472673,4.240969884231764,2.380647041013229,1.3904096931486476,0.210978162915137,0.09902177081978307,0.5742464776633204,1.0895359249058607,1.0931147151677694,0.770554868539845,1.014145954272181,1.0128793390615662,1.0154097952713295,0.40307377837164454,0.22589849117531727,0.6134694319172832,1.944486422479806,1.942091213190295,1.992086544063488,0.5722463275467558,0.48582888234165017,12.45763738099176,0.38942429486885183,0.10159630359886636,9.886430871528733,1.2935818731596584,-1.874142463968372,849.2450762298729,59.62422930453677,721217.1995006825,-0.8978682186937194,0.7295853633413838,0.6350078232464769,12.45763738099176,0.48985195725814007,0.17100974124957408,9.240406681090553,1.3532907265904617,1.09781070936259,622.3453364681812,26.30319092132206,387313.7178236937,-0.6223098082932123,0.7300496814919293,0.639478536786305,12.45763738099176,0.48844477446204637,0.17689409477340526,9.31693044482406,1.3558904670259238,5.1058276632439465,762.0892190614433,27.257998141657744,580779.9778096804,-0.07614196270690439
4,18.010831715450262,10.870665079908159,10.129006232690156,30.224983843079645,27.203730416901728,8.876379571792745,5.377010140241198,12.921698369146835,43.87157962004393,34.94620939383698,38.22852442209376,112.26815027171466,0.016826605740415366,0.02304578892314231,0.03935198155858583,0.2460670821252003,0.35111227772495285,0.5565974548936635,2.6742232197196465,2.4419793143732087,1.4791518931308179,0.6448968811231726,0.31518890580302766,1.2522894383695533,0.866659259244479,1.0802115371995586,0.6853575350071937,1.0149921415281646,1.0147604586109387,1.0152309376658217,0.5824637566579259,0.2945539149638941,0.6976276933355386,2.1046500551323866,2.0494550237498146,2.10689950936176,1.2666789395991236,1.1914693654374804,12.45763738099176,0.856420040851536,0.24557321641423008,9.691482989795228,1.3107742345748716,4.022627020347498,285.2613107929432,83.77480668052127,81374.01543530813,0.46982558613477804,1.350508098362698,1.2809633768626503,12.45763738099176,0.91523974185036,0.2922259940128394,9.386413311139838,1.3267052964755024,-1.2034296319567162,249.47505189935956,16.214426014218834,62237.80152018815,-0.17930985378271005,1.2825888549982456,1.2131977131030298,12.45763738099176,0.8755336872142641,0.26976734762361276,9.230510944447397,1.3578535819809232,2.849895365448,327.88401831634883,19.745481510137612,107507.92946727577,0.2425986880441782
5,162.90335994449651,44.892704427297176,33.733669047900904,88.39330218072755,120.71882203115041,71.16880569997679,61.67947521934634,209.6679258940601,98.83184270144082,107.20398648678592,116.5972779448292,387.1060439452262,0.08033817597086917,0.08643883813822026,0.13349837753734742,0.23017569373547864,0.3937733006318573,0.6036264813371167,3.044347235785938,2.064335378632799,1.379844253993104,0.27587702601788117,0.1644074735784524,0.7849363535159651,0.9594384101255637,1.0149536356268456,0.7293598860585716,1.0141985067115813,1.01308359976796,1.015290579642759,0.5049495685095328,0.33220366349311364,0.6843395467958141,1.925187895778553,1.91678699479821,2.0157582906140656,0.756780195181562,0.6830970929932957,12.45763738099176,0.5189884061901325,0.13372028118720397,9.840075713534722,1.2922385694693805,0.8073071552570177,576.9925863043818,108.09336607744258,332920.4446502195,2.763548021475238,0.9390259849686884,0.8660494012570729,12.45763738099176,0.6320481369756146,0.22120525572437802,9.477719023019835,1.331165232981109,-6.899865393023809,427.64473293744123,59.75290643871629,182880.01760913542,1.7557914072561471,0.9159907711172011,0.8334428140485811,12.45763738099176,0.6244995754454354,0.17821493120648693,9.384815344396412,1.3461816373393214,7.192824784115341,533.0164527441422,42.390227417223294,284106.5388959483,1.46162061695779
6,56.97616595900914,31.358000636123933,25.592002113202906,53.361986574770334,67.17323396748067,30.630615922263285,26.17328214110971,98.83534524780649,57.206301900913125,41.063108167151185,54.3846138676776,192.3739027390941,0.02005939539554025,0.03164366267708033,0.04590074464456462,0.288675064434768,0.3666592457301845,0.606825948637085,2.4120567119825207,2.302091466338223,1.3976657161592472,0.5934296457687585,0.31664636247397665,1.1718830426205165,0.9103464133986562,1.0705790544951763,0.6896100441242513,1.0149921415281646,1.0141309360305333,1.015350198837768,0.5758196833880637,0.32555959022325137,0.7264186775049418,1.9548052286123572,1.9639028602461013,2.084788831735709,1.1705717525010706,1.0959501766447346,12.45763738099176,0.795153857718347,0.2110852009685604,9.848873422180167,1.30441904290588,0.3231371090238539,317.84749239887543,129.24209240248783,101027.02842425319,0.16986793189153285,1.2675130587046195,1.2004806787484932,12.45763738099176,0.8535513915860785,0.30964362030556586,9.350041573544594,1.343299403560051,-5.880084841340185,276.8991577532907,31.324733107251575,76673.14356448175,-0.11417867956686409,1.2731625909879916,1.2043763833709316,12.45763738099176,0.8732147114420565,0.24010632837058582,9.564945471391106,1.3297403854310734,1.171092970860801,326.8859290249254,48.572006672309655,106854.41059448857,-0.8748892923986291
7,42.387809323944076,12.072971571318442,10.934714761805107,34.09303883372017,129.87457035284837,19.21967063766848,9.296707215303698,22.56484033836312,56.96882342917638,34.89506059600397,38.099310214135556,109.3883748407386,0.0065442356848833,0.059720594872161026,0.04303524359623698,0.3280177731679704,0.25415154519261063,0.5746203613368708,2.4559594273202063,3.3676184378121117,1.4761281605139553,0.9805127663634355,0.17500253251578665,1.1968277153483937,0.8935881469608659,1.1551401877642415,0.7176293253675373,1.0155065909826637,1.015022011042488,1.0152011081277217,0.6112547408273291,0.33441835458306773,0.73084805968485,2.0535890441899243,1.9377939609786474,2.092002649303555,1.187745411464288,1.1098947808601107,12.45763738099176,0.8056571583119462,0.24350483685756552,9.700735365414594,1.3343401152120817,2.8824245995252067,305.91305505365165,135.12645689209035,93582.79725225852,-0.5753192108335217,1.2528680469466096,1.1851218861015975,12.45763738099176,0.8374936697531803,0.31880445463618795,8.98937944631368,1.3622941996144105,1.1758020591563394,282.35323889045276,22.103151806090295,79723.35151192907,0.5595071126742966,1.3609008158757083,1.2848135996834542,12.45763738099176,0.9262941979565565,0.26347275336070203,9.65129215600288,1.3240502475594709,0.1123715339157431,297.1114666231539,50.30933105274833,88275.2235989615,-0.011034081663373056
8,13.40588950764352,10.509453240107991,12.050493968124552,40.05999661121743,24.414029840758616,16.084445341375773,20.24899020524769,91.25787937313994,47.95353336188157,41.240342773597305,49.17054089530713,157.7054212379452,0.01137965670343572,0.014167967785588213,0.04339560198673437,0.33915393767036334,0.5331094507365954,0.5838093051647082,2.26337797019742,1.6472324442386699,1.4414781123202904,0.7768497979659452,0.4463118820169767,1.2255696802225673,0.7858705550254996,0.9195299468762895,0.7015628423627953,1.0152383941595264,1.0158263347000998,1.0151787322315784,0.6533338715364568,0.47394389325017544,0.7153452220551714,2.1568090550478995,2.178426344643113,2.1099833325529853,1.2191866963836477,1.1492053278059418,12.45763738099176,0.828803707320208,0.24733913259389326,9.749061253580642,1.3134988063984614,0.3333325295578326,303.39711055884027,123.38056949216259,92049.80669545314,1.6656859969448727,1.343741164910937,1.2824902455961245,12.45763738099176,0.9182807536020171,0.2812204792019078,9.476141314233343,1.3280902844860292,3.13654070334343,255.03013577486516,23.50176531704182,65040.370153346164,0.7295646070505954,1.341045726782328,1.2798667264530532,12.45763738099176,0.9214523984885044,0.2698185700031296,9.545979635909323,1.324949242809875,1.9074750884987743,311.67350731953917,33.544839955127784,97140.37516486282,1.1926760846166777
9,44.721893535016974,21.41155596421156,19.82803213892501,58.69636901766118,40.02461382340988,22.480744434732205,24.77280863525648,113.18028785183822,53.484283793758664,45.40722645177871,51.22515983822718,217.59933676627668,0.01615957008106836,0.026981851943698273,0.06329774301388665,0.327730357437701,0.5424587693794007,0.6355814223423535,2.3749991664951566,1.644195297629256,1.373084909690302,0.6881069541418123,0.33199104664166146,1.0687989355939607,0.9127326272268805,1.0318930052364654,0.7391546437286255,1.015029477527435,1.0150145442001277,1.0151190474832232,0.5802490655679718,0.32777428131320546,0.7042717666054009,2.010179436653637,1.9873072285158662,2.0800824199510455,1.0380752951875318,0.9705759139051093,12.45763738099176,0.7033663725882222,0.22566538734046368,9.792634381669673,1.2936867256189934,-2.774435920872218,379.5657934854464,94.86545035495338,144070.19158423657,0.0004482664001593487,1.2174752391069483,1.1632169947306097,12.45763738099176,0.8268941241220263,0.29395461711597887,9.537095966213702,1.32174426171745,0.1388447933111187,295.45887646911757,32.03616646142107,87295.94768439326,-0.050116452672261405,1.2245390992405953,1.1612026098416268,12.45763738099176,0.8403248252654115,0.23009589336040462,9.718123744123774,1.2997803846814606,1.5131892628833548,354.3244765777503,43.05868986414083,125545.83470209673,0.7427285194290555
10,23.27419230201388,14.73154310229548,14.942859457190409,47.735969108408284,45.31562415808459,21.23818479570415,17.592643673394115,71.1225121210478,50.932236455136646,41.58844242161762,41.557886244752936,148.91023168511518,0.007273905339146147,0.0150420486339659,0.040642251170498946,0.42075238852943564,0.4863489695903669,0.5892351094139628,1.9964042673451516,1.8480197412915578,1.4543086119534683,0.9421932828224296,0.4257377994322618,1.2380269227748397,0.8592310841425446,0.996036057419489,0.7104103771933696,1.0152011081277217,1.0155512456969034,1.015335296173701,0.6023959764675128,0.3875709407419659,0.6998423844254927,2.0741850924751253,2.0642297327287116,2.102635912427584,1.238854236964062,1.1660604416914717,12.45763738099176,0.8280084337121018,0.24634649656529603,9.696811107138142,1.3135817609794425,-3.364604586803086,294.1774162335725,39.46621609186712,86540.35222186056,-0.5211872716662207,1.34059738343079,1.27949353640517,12.45763738099176,0.9057436308391492,0.3026751075759286,9.45468569884952,1.3295352518273262,-5.460005726623126,252.40968691036724,7.657984923768483,63710.650046189614,-0.13078167525845266,1.3920182708171853,1.326161337685024,12.45763738099176,0.953028706441834,0.26640083781641943,9.585763153192273,1.3112386345957123,-3.829105324451621,285.850943378356,7.376700589782171,81710.7618302961,-0.06022626700215548
11,80.24642057253939,31.964868440315804,18.400950893028636,56.77325147142545,100.52254906621909,72.39001312134644,66.34146048328658,228.59277992910918,89.52310334025698,90.66894431242744,108.24521163004542,375.37740004429537,0.027924792365085473,0.07016342937697659,0.12152628110799298,0.29465305480072784,0.5768614417052604,0.7000536131559757,2.837443839415381,1.5396011492780461,1.2672570367560068,0.5481858402811526,0.19547988583654902,0.8162084642966292,0.9598890993537272,0.9078649764091423,0.658122015103243,1.0147903725320886,1.0151787322315784,1.0154172432261293,0.53595524376889,0.35213588330270046,0.7087011487853091,1.975524298219401,2.0397163488331924,2.0739520802453644,0.7997909046159934,0.7109866026432158,12.45763738099176,0.5528600434733254,0.1188991767947812,10.088562679062703,1.2530763730323016,1.421637538997219,547.5309779289632,50.18861902626254,299790.1717918468,-1.009068224871907,1.0545645014932572,0.9853803452820519,12.45763738099176,0.7302888724957041,0.22309019608412753,9.967839332430284,1.2793292792746833,6.968181473470866,362.0464163722845,31.668635526159505,131077.60760801358,-0.72456084295556,1.0145707087386509,0.9370215343101556,12.45763738099176,0.7004626955775954,0.1933298514029991,9.942105071472804,1.2866576859244485,-2.4815499015886573,469.8901265840709,37.05050342310719,220796.73106119418,-0.12564081165800245
12,14.4162215792425,9.639703544215969,10.706371001581722,33.43453907470678,17.583537686788397,7.1846344391506545,8.260911470632562,44.0707646081348,48.7853060598107,34.82419452090423,38.05490565469978,122.42136637020444,0.008427252528421358,0.03236271349409858,0.04662618990264289,0.4064879850741075,0.4834176011526093,0.6564983002777406,2.0820278028260466,1.8593569035245656,1.3307685164899288,0.8816851954067505,0.30672725951607477,1.1578482018443055,0.8794982367433503,0.9933963146993704,0.6676244982085724,1.0150444094252506,1.0156479537997125,1.0154321380699045,0.5713903012081555,0.38978563183192,0.7330627507748041,2.108468333923633,2.1398462708795973,2.1058066374739717,1.1481410757485033,1.0771513508872763,12.45763738099176,0.7872538406276339,0.19932736331878972,9.974199011386801,1.247949676824807,4.068846907422678,319.0637458602276,71.47829538414526,101801.67392235989,-1.0429929085356224,1.2696826398983996,1.1911539191010911,12.45763738099176,0.8609554932567752,0.2972994125707065,9.269251921474302,1.3404294772129928,3.651025069171335,271.59177054544443,12.889297587940861,73762.08982800932,-0.06814111603363915,1.32009849137676,1.2512676460407075,12.45763738099176,0.9098606200984373,0.25953181582642204,9.690471065595208,1.3051748270203845,4.373204559184014,306.3322205867707,21.754262144792236,93839.42936962194,-0.1292848461948674
13,30.142086827005798,12.515255026774337,13.096700497574258,41.40483458698331,49.99890437438485,19.563941719687257,24.90320319219758,113.24365103732646,49.94865299190897,41.490159332955336,46.3532969316733,202.04874704010507,0.0066373180253712465,0.02495003338100002,0.0429375898089265,0.34164161526259607,0.4275685306904373,0.6083785158986482,2.3686559476544007,2.090169285116675,1.4141676585733391,0.9433078959828948,0.30747285024517135,1.1994826905755684,0.8764427395408783,1.0533912647941843,0.6935030478936037,1.0149547965895334,1.0155512456969034,1.0152980332876016,0.6156841230072373,0.3920003229218741,0.7264186775049418,2.000678158013934,1.9090143179664822,2.0811599908203133,1.2056462851275014,1.1333036881089902,12.45763738099176,0.8165406148914441,0.2024326545993119,9.827147554389814,1.3031937834034832,4.159097669457092,300.1818506853927,98.01830515479602,90109.14348090738,0.6891287876828911,1.294470444438998,1.2240542019070089,12.45763738099176,0.8755838647505598,0.27144660680178284,9.27830170626299,1.352054391257956,-1.7910072841206457,262.69757945919383,18.954216001972714,69010.01825371946,0.24487135710296473,1.3291302243359495,1.270399624425864,12.45763738099176,0.9157072318928576,0.236083019108546,9.708753850784397,1.3242338581272426,-0.9977027182913708,301.3967432835449,35.881554616556066,90839.99686192705,0.194102303492322
14,59.0691891957176,52.985992722582274,51.16127732379462,166.24146364113935,123.46367403202044,187.49283687849595,153.79734516060302,448.29361767211253,133.4995104599093,233.45057872142485,214.16459068865754,605.6083347075324,0.04809069714582211,0.2561787359720057,0.29523970601875094,0.41232938608269587,0.488244428831832,0.6234135006244815,2.094194474267577,1.7339180400441436,1.3628499953787172,0.40043099517046876,0.06529966145012121,0.53042248733272,0.9561064778313115,0.9542885256619866,0.6191414796695629,1.015081732917877,1.0148277568638568,1.0156033267311453,0.5492433903086146,0.43850883581091,0.73084805968485,2.1074282383962477,2.128297652841907,2.042447877068601,0.5211032317683608,0.4402454107571158,12.45763738099176,0.37809294263175636,0.052012680757094545,9.96057670109049,1.22321651427889,2.196263381386384,875.9353376114889,103.00168999895034,767262.715676553,1.0760284527608697,0.785781475559062,0.6886671575684635,12.45763738099176,0.5362936235981903,0.15609447532567122,9.662465988264989,1.313852153166451,-1.85638052634242,548.9785619470804,57.5135311060257,301377.4614774843,1.4430048563400075,0.7756506523127591,0.6909505276563622,12.45763738099176,0.5317671465305116,0.13768651041570545,9.840873001993096,1.2827046229408325,0.6298290024653976,677.7774791938684,71.12191964795225,459382.3113023947,1.525477858537867
15,26.924099127380003,12.090904421510519,11.940772536763985,46.631584204672016,42.46690876173619,27.52957343734991,32.87738448560387,152.7572474799025,61.13531725526913,58.52456761354133,73.19451574586255,295.2218439326211,0.06776493857739929,0.17233094342160268,0.08767936681816356,0.17528799952290097,0.28891883484724973,0.6692665989195413,4.431915757191772,2.993672196667784,1.324465216293502,0.35189145481404394,0.10296569988468261,0.9474274900700312,1.067279752782047,1.0805754885375638,0.6759067032757421,1.0145434108218048,1.0138227422743569,1.015581008414449,0.4185766160013232,0.30784206150361865,0.706486457695355,2.1696612341635904,2.0840363892497713,2.107917708371152,0.8963114881287089,0.8219795005358231,12.45763738099176,0.6122503084235885,0.16681244340113557,9.773363642253502,1.318173757260505,-4.267943963519304,480.9869685998061,64.49420321241382,231348.46396283087,0.1375254247177588,1.043890438465679,0.9519013093564253,12.45763738099176,0.6952147473688961,0.286614114419654,9.021930844741346,1.3633642507549992,-2.484551994606756,393.3592572861213,19.058227806071084,154731.50529268896,-0.04063909739915249,1.09863452730302,1.0199439513379773,12.45763738099176,0.7238931662619248,0.2735854067582258,9.218350606988155,1.3487132632525753,-0.4219527198639348,447.45301318754576,26.939925072745236,200214.199010614,0.031449040333212976
16,85.44453377506088,47.72937327586733,53.63448743307012,237.8119711218543,231.15682888795502,170.31690728880304,201.25359215044455,890.2802456601036,328.19649010895,255.46455463656153,318.1448398373294,1378.9216953939647,0.09171579658552004,0.6540177096791479,1.3821452312710576,0.47508361447603453,0.654618880894724,0.6986935869117286,1.846574113006094,1.3508223749190615,1.263495101166414,0.37716652463529826,0.10989949320815864,0.26421379400742084,0.8805745741701856,0.7572828160973977,0.6074202590891642,1.0158114774008906,1.015245850296983,1.0166634872712066,0.5403846259487982,0.4119325427314609,0.7175599131451255,2.0222069008994468,2.0323753250015644,2.046849658459465,0.589682033761211,0.21248026597967218,12.45763738099176,0.33836290346965825,0.05514983285264567,10.0702405872262,1.2342324702865568,6.529403059826372,1875.3250770890745,13.075494785520352,3516844.1447591432,-0.08682798591264788,0.7369636476643739,0.40585139678819804,12.45763738099176,0.44761425766663193,0.08958980402729941,10.063632944461851,1.2389700490904256,1.9324964041080417,1104.4814725014082,12.352991392857065,1219879.323098879,-0.13424928559278376,0.7147789344566622,0.3857509651866076,12.45763738099176,0.43060572475515724,0.08131303460174186,10.082004197104734,1.2353414542187764,2.890484997799277,1428.7366939999238,12.727978346077794,2041288.5407818316,-0.15799494874953043
17,45.301028503210574,38.78457068044686,45.422558874419224,184.34780707737485,141.73877550967418,128.62150245884493,155.88401814749972,721.5340663578042,221.19631911944646,211.1915394736937,248.8395306652319,1164.6383836536775,0.05663987962969591,0.655911205456466,1.4180347286284722,0.6323950795855865,0.693442302208822,0.739685452762174,1.4113016691371871,1.2949043295245348,1.2117995280996219,0.4832088607634028,0.14438335585399154,0.2928475305945872,0.7547431660065511,0.7352133691989858,0.5838457145804044,1.0166265396794438,1.016152838500855,1.0171209147248614,0.6156841230072373,0.4429382179908182,0.7264186775049418,2.1048299834238358,2.1026208958764236,2.0578517872177264,0.698947709423801,0.24080617940396765,12.45763738099176,0.38108108670602514,0.052191996771459304,10.105322885927684,1.168630526510391,13.988368759363215,1889.386830826331,10.354031738615651,3569782.5964999674,0.0018449032106858335,0.8594048417801821,0.4427358515341683,12.45763738099176,0.485703865820558,0.10004848412269805,10.082255455729166,1.2006415139068745,7.44376489100852,1134.0903967628344,9.099948754557207,1286161.028029683,-0.04972339923032719,0.818343678653144,0.4000234298823312,12.45763738099176,0.47116449011465616,0.06840438743752483,10.10593243162556,1.1694928163322544,16.57173067392109,1445.2205545729057,10.044779846733578,2088662.4513600173,-0.09921554401444443
18,30.66976919390058,11.815811430438597,13.892763349364238,81.5610228867977,50.88023148945855,21.636978752892382,21.183152085217365,238.2317343525823,51.72852186364771,40.74720995133315,40.555831175021645,389.0277031699195,0.04583808611349546,0.3027857328810329,0.4981601999839634,0.5149367266214834,0.6219323175562518,0.7219900153384874,1.6370146171421405,1.3993080862837906,1.2213206579136089,0.4340729526785651,0.08172670035724268,0.4108964545592568,0.8855926945753282,0.9196487829738514,0.6239796830406533,1.015245850296983,1.0151115852840948,1.0157966186889509,0.5581021546684309,0.39642970510178227,0.6931983111556305,2.064299283141522,2.0190355974602965,2.0886194325298244,0.4436138652356123,0.33414559064514693,12.45763738099176,0.3234948436442743,0.0332288786869506,10.112322094516303,1.248228435491948,5.135023131026132,1121.7805492290086,41.33588504002845,1258391.6006285362,-0.18759620926538426,0.678493172891014,0.5588941963885367,12.45763738099176,0.45978813874558866,0.10286704883421734,10.005902977104467,1.3697095467090454,-1.0907020134335212,704.5828423079809,31.060306473840868,496436.981674793,0.16800604172319586,0.6571481710832048,0.5481388628866612,12.45763738099176,0.4530994973734277,0.0809998485008949,10.10322284579992,1.3687378199763942,6.983665374334862,869.1712146121945,36.413031241958336,755458.6003104374,0.21184755998670474
19,1154.2710010560318,223.6728255691519,127.57504381482084,481.3469029561454,782.1449685274879,271.3027635480788,257.5914929245016,989.7676398425175,592.8153966524018,362.2991324793709,362.99903277366485,1548.764734148857,4.570649999508949,3.12753538980727,2.7012534929731378,0.15189632972171666,0.36615192712873235,0.5998402854604736,4.5284148621130065,2.2910893217921804,1.4219418984820853,0.07509144277053958,0.06846215196337406,0.13115617127810247,1.0670250306325537,0.8682272399877161,0.6578237222011818,1.0149398561099305,1.015007077000314,1.0160564424205516,0.5160230239593032,0.4783732754300836,0.7109158398752632,1.8296032604289958,1.950648441270527,2.0390117375584578,0.6486535181370705,0.09027964527695126,12.45763738099176,0.33169422464612514,0.054318377975461136,9.540458075876407,1.3348562036965244,7.143172839215353,2772.3280521181605,10.927962840806607,7685802.828561274,-0.26333716247052397,0.6969675799212611,0.16144104418773167,12.45763738099176,0.37425860839739594,0.1042624619702734,8.894571586757843,1.370259895348406,10.968617863435178,2026.3740169902846,12.086943366653484,4106191.656733342,-0.5984315608030945,0.6570778089876907,0.1177652745569841,12.45763738099176,0.3525512123309304,0.11285642714813693,8.622453695584008,1.3753024493317163,2.053827689674387,2967.0254495533823,17.156940268123716,8803240.01829745,0.605125003281211
20,19.914498529281794,12.007437771051741,14.603730874403661,54.15342497107825,44.90861215265339,41.13459005810161,52.7546957752221,242.6123362902155,86.97551911780153,73.36721022580258,95.74112428748889,406.9077422140199,0.40620410741579827,0.4933050158486232,1.2001824744049192,0.15907095609390168,0.6801895956662364,0.6779630806789819,5.221243082227438,1.2671482457804226,1.269567577269229,0.08517728646035176,0.03848872676388941,0.2405831044075333,0.9062024589043695,0.5877310987029246,0.5726107342597874,1.0152309376658217,1.0157297369941956,1.016212129644996,0.6776954735259518,0.5160230239593032,0.7175599131451255,2.356374573526011,2.061645312133278,2.071928082672429,0.4651201915700711,0.17926880971002576,12.45763738099176,0.29032337698372385,0.033119374550640436,9.953941165146674,1.22226817046287,0.017331122895503,1747.1982453287073,13.970254945392789,3052701.7084797136,0.025604059742469678,0.6351789764101659,0.3778327693302164,12.45763738099176,0.4054808281755532,0.05145293952724478,9.959271225963358,1.2194325454417094,-2.370144036308432,1026.762396301564,13.700892062602357,1054241.01845893,0.0010849446714455422,0.6005613484105581,0.2920042234746259,12.45763738099176,0.36617058031917965,0.0703528606356871,9.659479399664864,1.30642269952407,5.910536681837039,1530.421468371697,9.626779680921288,2342189.870852981,-0.003457356683475744
21,104.22886206894293,12.670792471613012,10.86631585037805,31.314275933710963,25.063569939463335,9.434714144389613,7.409354447001875,26.14173137573818,48.51164914508498,33.072984455464514,39.42440247990669,115.52374233856406,0.4034729033976779,0.027941574441968542,0.08424447442273536,0.07005008422931143,0.6317889467662838,0.6356418228726148,9.15170268846817,1.3757842533127973,1.3541328864485114,0.05386574447449918,0.21991145826429195,0.9481844454125413,1.2106139734051036,0.9118668441022084,0.7648124775013259,1.014588342068595,1.0152309376658217,1.0157446020673397,0.5935372121076964,0.3920003229218741,0.6931983111556305,1.8146456945918241,2.07219053198199,2.108624888076987,0.8114987392409669,0.7268105393668681,12.45763738099176,0.5488684454607514,0.22762866381226526,8.922620363076794,1.355869518160263,4.24907745447026,531.457187753698,54.77731065680791,282446.7424150694,0.5923650992785998,1.1027152823016597,1.0273152238200547,12.45763738099176,0.7411778285295042,0.28766312413565187,9.318815175912627,1.3412454571237475,3.053628723898253,341.3250633148215,38.02258756607616,116502.7988468669,0.22005073752215076,0.6885834870780387,0.597503549645879,12.45763738099176,0.47699511020961816,0.19795858312090378,7.1248555570676775,1.384019142746111,0.23200176670192,780.4196660095588,17.708610370803346,609054.8550944714,-0.038941628452870955
22,47.33604686168922,16.884729788962076,13.795395602650643,47.41334053092096,58.419647328933806,33.32003827609746,29.372689784356574,134.12413781694198,69.21770272021689,55.59637745365507,55.17947950081951,244.35382215332768,0.010246613429803996,0.04195893001326762,0.10075289912060753,0.3871554269281166,0.595245458601395,0.6788061207113744,2.1646369971967454,1.494321564721277,1.2992492449822794,0.8158584713950146,0.18249281068506687,0.8963155724199209,0.8884721797347035,0.9759255187915339,0.7346922540465987,1.0149323853333643,1.014797850115611,1.0154693689638956,0.5780343744780178,0.3609946476625168,0.6754807824359977,2.029171356853362,1.985876004637218,2.0664595905141065,0.8791314409748363,0.8089505285805337,12.45763738099176,0.594504758939794,0.1856884804195624,10.074871522953396,1.2204123427694729,1.9491309709529645,480.34546059031965,110.11701342024723,230731.76150972635,0.6900310243656056,1.0835889179526603,1.0055259784277566,12.45763738099176,0.7211175263588133,0.2741486979279457,9.615269745498331,1.3115847873590285,2.3030790525936062,357.12080195242265,46.143929551552816,127535.26718714146,0.049115229609994406,1.0922111266252523,1.012503270347525,12.45763738099176,0.7375750833108254,0.2360258547731144,9.937848659105882,1.270605926585612,0.3839070848270438,424.8751801787026,58.4279879764304,180518.91873188497,0.22033141338278545
23,36.8097391864644,19.605069802001687,16.010126203683022,41.9252284577132,49.8316452322747,32.9848141402702,35.56213703505816,133.42340323988697,74.01279773307522,57.661605911562646,68.99156238108354,275.98961843056543,0.013777867444869769,0.047105600807372965,0.07521658570656062,0.26544218840509026,0.355316971701352,0.5894805527189767,2.855863762355033,2.3943821076872194,1.4460977594311888,0.7237636628542681,0.17140639583853007,1.0234801237298896,0.9653931942103736,1.1312538101310607,0.7965422722529454,1.0147828945899005,1.014206012755045,1.0155214773062242,0.5581021546684309,0.3144861347734809,0.63340165172687,2.085304144064024,2.031446342898513,2.0621662270207146,1.0212062998561438,0.946773145182751,12.45763738099176,0.6713586528477333,0.24918970745121585,9.671442123459817,1.309658925761006,0.683219422811959,406.1990009502063,145.67995524012278,164997.6283729457,0.9759924308217682,1.1108835547180926,1.0323547831776936,12.45763738099176,0.7285929045154507,0.3036044643376577,8.876922967835425,1.3597737671450894,-0.1649902830682954,351.49373444788733,42.16422825104009,123547.84535612195,0.528691593114332,1.196523759320192,1.1173898924133185,12.45763738099176,0.7999801891455294,0.2601907199617747,9.641428201593659,1.318821607870254,0.2345543234270906,377.67860763779606,74.16684844850607,142641.13066722432,0.7502856463722886
24,232.17620453150786,62.81691786217501,41.60793959475488,167.53993894157247,448.48799926886295,117.74072340856358,127.89434269281622,479.5505510971017,202.3752517791889,159.37806499985692,232.71092758976576,892.4949468725349,2.1527252525779104,8.692852997993382,1.1101732725005165,0.0996572943235492,0.11215703995677943,0.48360889676572405,5.84211687513196,6.523871008835312,1.820084319501366,0.062404056493029325,0.054146384541157895,0.29951112776582484,1.1710304012048263,1.1834019248565764,0.8873608569834457,1.0124548282765042,1.010936818847905,1.0152011081277217,0.39642970510178227,0.30341267932371047,0.5248817883191196,2.3052400967056865,2.2937307313585023,2.1841339823970682,0.4217321637429219,0.22525138278893214,12.45763738099176,0.27129658038257853,0.12230784503781818,8.48986702392655,1.3744848261680684,6.090560394080772,1753.33175730301,14.266528722487571,3074172.2511672606,-0.9293923737754612,0.3604069996208281,0.13358445782646566,12.45763738099176,0.22318649150759134,0.14106193660192443,6.475975565617022,1.3858643525464753,6.185790271685434,2513.0547410824224,7.867046930190629,6315444.1316768415,0.049083758951043,0.4683928657508529,0.27208980210229655,12.45763738099176,0.302187275980241,0.15472776963705953,7.115916302630376,1.3827181734865457,3.426200671595128,1767.5010485058208,6.821657332842159,3124059.956469176,0.3055366681661043
25,220.7431046089941,66.92140590105836,31.298391259077484,102.00014504815881,357.41266422394335,83.11352212618849,81.31805845350372,334.8852300923517,188.5499349582288,86.75378312091762,155.6724613621431,656.5412680156071,2.087457899540182,8.445181030899526,0.8559560870961745,0.09001471122706259,0.09205936883004494,0.4051114133662585,5.4040083067042595,6.93626971079918,2.1360069452787673,0.03650063454812271,0.024419556969053267,0.2956203821283245,1.21514058765609,1.255513068762918,0.9257695340418791,1.0129323213506254,1.0126293215059499,1.0151638131847056,0.44515290908077226,0.35213588330270046,0.5891078299277882,1.9175187160825453,1.9081609799042116,1.9942106559697859,0.3692624228351211,0.20691223627814606,12.45763738099176,0.2685385077291682,0.07351761345725188,7.952353462465971,1.3811609961025786,5.320620122168117,1561.889411035587,17.843889231741173,2439498.532305093,-1.284482978995599,0.2640663453224781,0.08597769456533058,12.45763738099176,0.20166176113591608,0.0407850791800638,6.270333029582086,1.3856303415169524,3.365019310425806,2441.645936556765,9.012837484909861,5961634.879504161,0.05484609511140397,0.41013627965350796,0.25343398108991216,12.45763738099176,0.2913697478033312,0.05345798669164385,6.515048324921043,1.3849220065967158,0.1087873538632244,1645.9383104041901,8.21775974485831,2709112.9216562,0.3496849729784876
26,179.79273802185662,25.082637066953062,23.94243551797149,54.0281761606586,149.82248310185295,31.371642302675667,30.55007430537657,143.71056151687418,113.47128563594055,55.5229588058412,63.15826624435638,265.4612629692099,0.27731283762679115,0.0809120830110251,0.08525089062586211,0.08117085806846627,0.2729517689561056,0.5170967488111136,8.07570436246041,3.246186542040661,1.7097159803119117,0.1003278584200498,0.09109811580074316,0.9237337636147075,1.1906849186017527,1.1443991178890591,0.8165706591330278,1.014431025984623,1.015245850296983,1.0154619234952746,0.4872320397899,0.4119325427314609,0.6666220180761814,1.9318902744381705,1.960891806924685,2.0372478231582742,0.8035305541945523,0.7372271794483417,12.45763738099176,0.5609637050922239,0.20383190095404177,8.436378362885085,1.3785014153740556,-0.5746427123026621,511.90793461317764,34.746466670060656,262049.73351992937,0.4854033717924393,0.8422494536429244,0.7731854868634987,12.45763738099176,0.5815851892642019,0.24098594901774956,7.563046550619704,1.3829406763745977,-3.212739216511679,469.6942696196848,19.115737435166032,220612.70691356919,0.7376673660984723,0.8154468578547349,0.7431901702987216,12.45763738099176,0.5678610696919308,0.22591348176778012,7.286203218919213,1.3832460373780862,0.0119345221144939,602.5682728671117,13.612228686876986,363088.523466054,-0.18724022739673066
27,973.1666688385958,489.7985451627028,205.33323062574962,319.63023861360506,1261.8845673458768,336.0862178659217,207.30957610932495,468.7071687988894,1415.0538192637616,501.5674268661382,106.01913880188545,356.6106734439708,6.963361902430132,6.013517168796392,7.749440865810963,0.10701441328275503,0.13809759300161892,0.12318905462376609,4.653719430966689,4.048391770772147,4.86929088326546,0.013713073730752047,0.012043000396499175,0.031066141572444906,1.2798463296669609,1.1804405868990042,1.1434059652895967,1.0126823892050427,1.01346115246458,1.0144010429969157,0.34992119221274637,0.31005675259357274,0.5758196833880637,1.9468820320677758,1.9767104200825956,1.9758504384488642,0.11557824932671634,0.024402287022701943,12.45763738099176,0.11667641105323241,0.1230039624102839,6.5205794827053065,1.386235350405657,12.876170670189076,4565.7810102013755,22.055785952680726,20846356.23311549,-0.8358780739195516,0.09817972882321113,0.019684274452761594,12.45763738099176,0.11487842269034157,0.11333597107774733,6.837690091779177,1.3861403293816634,4.82575897713792,4355.487682064393,35.95991629954846,18970272.948614657,-0.5346834726748401,0.16171449667548,0.09679618296325995,12.45763738099176,0.1728821440235181,0.08363374512893262,7.835245462981053,1.3801406146092707,2.1927977118231468,2804.648798754811,71.06382944773193,7866054.884356805,-0.3367215649686394
28,49.2944755579535,14.935355184952893,14.50108086414214,70.7765325521289,72.06901363272047,32.148836401318334,55.47503891771679,313.94811927759105,78.41292001850681,68.14674802430034,94.28978754499042,489.42997508993994,1.578851939770874,0.18687645798560187,1.3416885015205458,0.04095121661050319,0.37487404303759075,0.23146793490196757,15.416938839637305,2.407028117435205,3.859036683973925,0.02125014025892348,0.05227899561625258,0.21891503954652647,1.3666340474916419,1.1535524137449908,1.1235893311818292,1.013928047810048,1.0141759864097004,1.0152831256419488,0.4828026576099918,0.3632093387524709,0.5913225210177423,1.9397985799449324,1.9651153439458031,1.9941833752729299,0.2300807532099276,0.13382261799292022,12.45763738099176,0.20062495303353817,0.012933009627889175,5.69066304517886,1.386167491081677,-1.0201950265517556,2042.2962348765611,23.95765292849159,4170973.9109909777,-2.5786996805927953,0.27415921640740804,0.17509880901534147,12.45763738099176,0.2258530016963221,0.011772179571136986,5.400321350140151,1.3860642398833976,-4.272287437937877,1714.1078166417872,23.623210530977918,2938165.607072475,-2.2516132173518626,0.7683223715531744,0.6742708004372158,12.45763738099176,0.5198772639917145,0.11498242973362238,8.550030292246735,1.3618565122067898,-3.832893272545596,700.0411505180066,24.9204517801234,490057.6124185743,1.1061988490079584
29,302.08675877098756,41.32001425720136,22.210999091740813,31.096087422337014,185.77132322560317,54.45245464215159,27.014562385250404,32.80257703029319,169.57434998864386,46.54340310703799,34.856015633768024,109.13192165028235,0.38970037203539987,0.3088367805105803,0.13513355068545274,0.07802772068900354,0.0809907778646337,0.22397732351448704,4.888005417266486,4.725667735363828,3.3405678965176633,0.06634863068589211,0.03490560062014742,0.7823714736733679,1.2058624234047175,1.255259461084773,0.9530785751859783,1.013030669085326,1.0125762356478953,1.0149921415281646,0.43850883581091,0.33441835458306773,0.5935372121076964,1.9348596547293753,1.981604489091387,2.02191020852199,0.6964569709348956,0.6061518833656822,12.45763738099176,0.4694407378156991,0.23524728656505245,6.753420374509984,1.385726261814757,6.0123128622642525,654.369368729531,6.633077531323968,428199.2707314848,0.1469093385988234,0.7184822018065748,0.6304544030038651,12.45763738099176,0.48370185037379215,0.2534008387158061,6.608587388653357,1.3855529251967913,7.716712854962905,610.8734648197042,5.5795723505003085,373166.3900208304,-0.16971734374738526,0.7340738493975234,0.6538693803761735,12.45763738099176,0.49193101356339874,0.25470401339598214,6.5295993513223545,1.38575700677814,3.654699952502895,722.5095981501155,6.067447773435278,522020.11941904144,-0.10825422372353878
30,28.483606585739487,9.874814839231995,11.255989928632555,39.13833013287882,41.4189238199804,22.061476709382653,29.12069806628462,129.84355967841626,52.846694642106,48.33292339177666,52.034937797136806,224.7604645027714,0.16132309632941624,0.2342794106398643,0.08901287465076285,0.08730768871904175,0.15486555089125673,0.43160393011709774,6.929259593773404,5.223908222177069,1.9847027003246356,0.1414238091848659,0.05678923601256707,0.9474246900717813,1.1734838920737936,1.2195578799353544,0.8749043419476952,1.0138377902870683,1.013385715282442,1.0151414319394274,0.4318647625410477,0.26354823970453684,0.6112547408273291,2.255805787293322,2.2181500483060024,2.148935657431071,0.8440667499308114,0.7704877041541545,12.45763738099176,0.5692990692650893,0.22281827108374413,7.754041144806776,1.3825229914706862,1.7249189768314397,514.1987286065929,17.64718693364148,264400.33250063664,-0.525781717183511,1.080002778439015,1.0139766291335444,12.45763738099176,0.731967486228642,0.25481447956066666,8.502730985687373,1.3735112011190551,-7.158884314181449,348.55296551551646,10.396060973792816,121489.16976966082,-0.32303113760910207,0.8457018115429937,0.7741365576632445,12.45763738099176,0.5689607995984706,0.22086449325067947,7.1462476988381995,1.3845238524342858,3.530072834898,600.4733597734522,9.861149089421959,360568.25579761784,-0.7554153848559069
31,119.89527562614794,32.85026269936715,19.646192203197437,37.36688613555408,834.1161842843194,270.5822672182535,99.52079352957156,84.86151001921158,96.28575694085376,46.446970166525816,37.67088108647496,115.6911335124025,0.23385511697965428,3.589131415243369,0.08514763045260883,0.08218597620594577,0.09039181080535508,0.3548810295420298,6.541101720489471,3.9966162679282755,2.3439845193124556,0.16095884303102748,0.02805596512074706,0.9859769704911923,1.2357576013708202,1.2907252893529233,0.9019730482700763,1.0127960446234945,1.010437740940712,1.0152607615033125,0.33441835458306773,0.20596627136573045,0.6134694319172832,1.9639515216697736,1.8470654718375623,2.022735779934939,0.7582343181138076,0.6763910753672112,12.45763738099176,0.5040983726916479,0.2996304419933945,6.818401199403919,1.3852850922394193,2.029050647669166,622.2346014207376,6.791214299096648,387175.8992052242,-0.013801396566795738,0.41400798797175486,0.3442626148957975,12.45763738099176,0.3031654096281319,0.18379259303055126,6.863471527324393,1.3861603321930844,-4.684557679639436,1130.829982189985,30.18985879683415,1278776.448619802,0.439760252940539,0.7325014213369565,0.6520960724291465,12.45763738099176,0.47925436476288336,0.3626017722261656,6.145265727495189,1.3858225918360638,16.48167026583503,774.8690971687038,5.23921671388042,600422.1177470421,-0.6384715900845441
32,35.45910687634895,11.964015908449078,9.573730088351427,27.516119694222077,24.92747795151721,8.551241917587808,5.012823783234037,11.275545503407841,48.20194515092185,37.90456404887984,37.25841213173129,104.07457358301953,0.03657026713962662,0.01939182537873991,0.027577156907687184,0.12642712032156941,0.13626017918166558,0.47761629516336784,5.290743133229,4.137616474537532,1.6691693917145958,0.43334964923226665,0.3660640126098431,1.4192751439754905,1.0986006784417872,1.0878741699745873,0.7164903286268046,1.014446015314606,1.0143335601648775,1.0154172432261293,0.43850883581091,0.28569515060407774,0.6998423844254927,1.9491029485314126,2.0328547708076807,2.090629753777566,1.439661278780231,1.364053611055343,12.45763738099176,0.9655633701618955,0.34372789396351777,8.928210539456584,1.3554548110379274,-0.3328331259797217,236.37643414362705,0.3079582112246184,55873.81861845646,-0.0006760553727786921,1.3940459747480611,1.3189283211275749,12.45763738099176,0.9221931091385851,0.3366025662444276,8.750332842914137,1.364508144880503,-3.702081156578544,243.68345383496737,0.24803722913777015,59381.62567293867,0.03656830321874146,1.2978234432865698,1.2210983984087769,12.45763738099176,0.8667223075180307,0.30034382329997994,8.28963818955447,1.3745943778377598,-1.5747755563579755,327.9553961881625,2.1806887112858604,107554.74188893466,-0.09878958642922848
33,526.5787928711597,73.21543575863302,46.72634545262234,61.77466259103596,389.83706946557345,122.55365182796076,49.183070123027115,94.29871928671665,202.59775399287122,72.54235800459628,55.31862702346053,159.70726034248767,1.4242079470694025,1.3098763645564415,0.1938409514758289,0.0796374656398784,0.0849216850871704,0.24743957591960603,4.391831196054079,5.362533796806211,3.087463957249292,0.032429735162030994,0.02642635061312314,0.6928878065245463,1.2303317107687182,1.2486198086808682,0.9549158326455724,1.0115488644192627,1.0121584989434902,1.0147903725320886,0.4185766160013232,0.267977621884445,0.5868931388378341,2.03159010616959,1.9679055153892757,2.073584914791978,0.5774525115755673,0.46899215147161016,12.45763738099176,0.3933455026266335,0.198371718453025,6.9835836168472385,1.385349064452531,-0.2384856547529992,879.117501191786,6.879810596774663,772847.5809016898,0.26736913856547717,0.4851012444921725,0.3863310134101836,12.45763738099176,0.3364353552859204,0.1969473351752696,6.177160960655271,1.386104558452009,7.939925929994654,1030.2807821701447,7.848833201898511,1061478.4901091252,-0.41692387150551463,0.4634577775384021,0.35376159171660826,12.45763738099176,0.325275004610459,0.19151662062351843,5.992452678463745,1.3860852936172272,7.821067294046299,1308.6360181402604,7.102930501682861,1712528.227973996,-0.12022747433377137
34,106.96949900941772,25.451300085160593,12.403175840815186,30.986164400987363,93.2062346754746,26.87108140946865,20.609347811104364,69.72576403434998,64.81713862385133,40.19304672511706,46.148162444303765,170.57151730604534,0.787624173813274,0.37154057264542667,0.12667955817187276,0.08689409558548458,0.12300701551142047,0.30123181693450624,4.530965893768987,4.137906754848844,2.657492569994146,0.06265132106470737,0.06173420131224497,0.8336758720271774,1.2210506000737993,1.1786503183270083,0.9074978475708553,1.0118616018978763,1.0124396456703513,1.0146257748804344,0.31227144368352683,0.24804540207485817,0.5625315368483391,1.9888353087590223,2.0024056290048873,2.0705280555394436,0.7176476947964847,0.6456173126891671,12.45763738099176,0.4848639887450082,0.13888154007796993,7.464194925321185,1.383387360257942,3.205921743461168,649.2567038905969,10.531931300088365,421534.26754688227,0.4447903872769972,0.6654169309004199,0.5976310294756885,12.45763738099176,0.45089022529300204,0.135241517208577,6.838006782982336,1.3847599130062371,2.3855279245021563,689.6519589488893,13.26754671945871,475619.8244820404,0.09254642200511848,0.5653071139796433,0.48662812656625726,12.45763738099176,0.38232470399553714,0.11630254987183271,6.289825121793337,1.3862163634363134,6.381209830603673,1042.3517913172318,13.87968407557327,1086497.2568622418,0.14104753847494003
35,121.46667987716151,20.57939517333258,22.22389932756579,45.0973750021888,278.6458422372323,245.77199877184395,65.6380109710955,138.3580396291009,78.41654019089339,43.4997401707397,43.91773276967663,124.85902493838825,0.33289423283068065,2.7487704052745143,0.16057725062480122,0.08997695381390006,0.13312019496025773,0.24538075057909223,6.164645574603207,3.8015303752193343,3.1992369393771227,0.09725799175156223,0.01629775859253493,0.7564393247737922,1.227155274651013,1.240688642726304,0.9567546739412857,1.0129323213506254,1.0120291522308276,1.014797850115611,0.38978563183192,0.2724070040643532,0.6023959764675128,2.0054361988725904,2.2617862419694905,2.174830985865278,0.8189675077586438,0.7391435690368544,12.45763738099176,0.5476804125441176,0.29167355549986557,7.143151181117803,1.3824084955947074,3.7353448412776658,558.2918363127068,14.899244660611437,311689.7744934142,-0.0027279334042633876,0.34601454050841784,0.2767871970673063,12.45763738099176,0.26871172154415107,0.15020979646901977,6.165490847793298,1.3858487309904366,2.348956233678201,1360.4719507508307,16.1110341979533,1850883.9287797706,-0.5205272149986934,0.7206134567543718,0.6248108682455882,12.45763738099176,0.48271086390966234,0.30373825713279096,6.41834967882811,1.3854407441616987,6.628725456331853,783.7298942350697,5.844816879580481,614232.5471177134,0.05833391386788143
36,54.830193691794605,14.324290118819569,10.122566131851041,28.44160213845263,113.60517389692691,50.217828920231895,19.52497488179751,36.42265182771915,53.5556316932542,35.415274060441426,36.0882776454481,111.1183552075915,0.47940990979607856,3.18332238761255,0.19489132614108381,0.08106615130357589,0.1330317943426376,0.36418309780064695,6.5804501626901795,4.1420095998739805,2.37530408403747,0.07637304919763321,0.03651594390633568,0.6988850444013363,1.2412326959556548,1.248223569446179,0.9738966262730442,1.0127278613622899,1.009859869490699,1.0151041227280364,0.35213588330270046,0.23697194662508772,0.5802490655679718,2.130875419254098,2.0433992078544483,2.0602811185158125,0.7100353670908603,0.6079108795768974,12.45763738099176,0.4708440319306154,0.21259409995878267,7.492039093992231,1.3818418929456528,-2.907177865693777,686.3138818166452,15.638051684817107,471026.74437423213,0.06519228265762664,0.36284179001965855,0.2740843389932595,12.45763738099176,0.26569743114662436,0.10818131673542059,6.1789793415857925,1.3856819523378168,-1.276790095781942,1426.5317636851719,13.069588760850902,2034992.8728027272,-0.4708979774354823,0.6630818037618367,0.5517187020567005,12.45763738099176,0.44438175913118916,0.1941120728548375,6.693331627234095,1.38497077110384,3.2669742302296827,876.5421414602525,6.1752389474101115,768326.1257557254,0.11037526944712167
37,31.701408467175863,11.357001834391262,10.493462187258373,34.05385293358263,68.33611078775688,32.08734394776026,35.44640724758962,161.7375690364413,65.05638754981285,53.659386628149605,65.377701086965,299.22881567250494,0.2318342495278397,0.45895752359972514,0.11054021181248824,0.07253974857931325,0.17849070000360936,0.6152122760528226,8.475363352362498,4.530317158687924,1.4047632334264828,0.12823032859631694,0.05868005984911103,0.8912234306525875,1.2259356307891383,1.1909440601791625,0.780312454861512,1.013973156945033,1.0134536103938225,1.0155735682667795,0.40085908728169045,0.25911885752462865,0.6489044893565487,2.0023818625617102,1.986676434167486,2.0857805388489226,0.7845369627351855,0.7083144599609198,12.45763738099176,0.5274066200446353,0.20314607516344607,8.837484248239436,1.3536250841001285,1.1761504346355736,587.0087900023632,47.399600217990375,344579.3195400385,0.7104376940298364,0.843869241019616,0.7740539362899647,12.45763738099176,0.5687304385797666,0.1862440772750018,8.178004936279676,1.3760827516373726,3.088196174522352,520.6498584983422,18.021764552389918,271076.27515434375,-0.3323136027716534,0.8278880123464418,0.7487034963391598,12.45763738099176,0.5568754392100647,0.20975575544955746,8.22141396824785,1.3716978066889154,0.5824491519250827,640.0654518139111,23.32635903378315,409683.7826057461,0.2238375791054693
38,90.08553209261139,34.10218480685815,17.83752354594877,37.16331930389233,108.39698407377792,32.356999531672045,35.205606453838506,87.77669140664756,62.71162926858975,49.03540118861379,59.576549924865176,187.6910375438551,0.08106800279480351,0.08363080901398778,0.07383401625964635,0.10962423188853096,0.2392122130970774,0.5026648609160101,6.023949056907269,3.017268765759087,1.5532953550927178,0.26650268197284904,0.17062602186322892,1.020454204135199,1.1512242746080938,1.1446778624631302,0.7875623407921878,1.0140332821249887,1.0128793390615662,1.0152533060782316,0.49387611305976226,0.28569515060407774,0.6533338715364568,1.9358851428386292,1.9749664596587704,2.0770033785592816,0.9949816173742856,0.9178846334849526,12.45763738099176,0.657792247626884,0.30073602910563174,9.1477726818931,1.347192936589623,0.971462553142402,421.00096414829227,103.8357795447476,177241.81181379166,2.1944014288712226,1.1267441918143946,1.056000525161347,12.45763738099176,0.7545149311257476,0.3224014083840989,8.961096751153306,1.3573720593631398,0.5102143091715945,339.0613491286945,33.8226185687576,114962.59847297044,0.47351161773287637,0.9816959314029172,0.9109566209006819,12.45763738099176,0.6630332681985779,0.29103612519321687,8.596868944107849,1.3689142346246677,-4.092724205993566,496.9223929490909,35.97869267773982,246931.86461425072,0.42597643811178
39,60.86618273394744,12.785744710513669,11.624854560652205,29.42741941915247,72.21200251660115,16.38509767594014,9.730646123125624,17.661525892038732,52.353531153458704,36.87953966837988,37.745613826743494,109.71568079422889,0.022771064219024893,0.056404457459455604,0.02948872635685503,0.1520816577644695,0.07754167884854832,0.46202693884794016,4.696388106920419,6.883529979362759,1.6829946228595778,0.5359250901340248,0.19396658170311878,1.361471070842778,1.0599183080235084,1.2328173942215421,0.7415355920083874,1.0146706823896658,1.0126141559715292,1.0152682165722657,0.5337405526789359,0.2768363862442614,0.6799101646159059,2.0538500218197195,1.9993946761183166,2.093534298915348,1.372603775656498,1.302870752837994,12.45763738099176,0.9219970965919886,0.35878645799155506,8.872468792538859,1.3594288510594494,-0.8442173925180985,244.6594262755834,0.36629721916600255,59858.23486549763,-0.018858797113222116,1.2462855482744577,1.1613988386805412,12.45763738099176,0.8230323403381363,0.41993914972854646,8.13806952011289,1.3756037337145948,-7.658927929377931,285.868522362148,1.0362427790355904,81720.81207751791,0.15950117114869988,1.3850779992831788,1.3201716848617058,12.45763738099176,0.9313673799709831,0.36099722375854515,8.882719148127366,1.3596498042777299,-2.6894903316529124,290.24753489853896,0.3757830331572505,84243.63151467858,0.018322211242550332
40,46.70333367270087,9.483712772348024,10.55946238342947,27.834775743676907,67.78578142214992,15.590829948520934,7.837555561403279,15.724230045656798,43.85421697907544,32.19546800977703,37.89679438233175,106.57061738670822,0.03753258788710455,0.086687278471562,0.030683622301428893,0.11491523211707905,0.06294150292260353,0.4488787844608322,6.217654047093756,8.205904077054143,1.7384701167475873,0.4084813576894665,0.12794659551141013,1.3490713182772895,1.148434594629304,1.3004195504040168,0.7909044658931684,1.0146332603639647,1.013053355872809,1.015424690825641,0.47615858434012953,0.23697194662508772,0.6688367091661355,1.9594271121804698,1.9275195713847204,2.0887144976453116,1.3922578213585863,1.321402356907953,12.45763738099176,0.928728536914616,0.3944688035919621,8.534096489948194,1.363521412641457,-5.426730481377629,242.79491772878427,0.36889147660471844,58949.372074927116,0.08389066060907065,1.0729589716360906,0.9880088901840001,12.45763738099176,0.7054851252829478,0.4151507012403571,6.8351267250893075,1.3825663274699227,-4.309216591349861,358.7271692228419,2.6234188140219343,128685.18193863342,0.17195282238610538,1.3389122363849744,1.2644141401971252,12.45763738099176,0.9028968143398617,0.3170108686134788,8.599121478777738,1.3671995035631153,-4.706943112743622,303.6436566778373,1.2686496912867522,92199.47024068833,0.021190176666220216
41,350.805090605596,44.856015564412886,25.54043857704925,42.69431556602901,642.7038783706608,172.24353559758143,41.04874676951029,46.53405451014423,152.2330012874223,41.03560020439495,40.7675013634712,107.6390922843716,0.507449636679885,1.9397797258316876,0.21814366529338206,0.10902699167898483,0.08239367644894433,0.18521064774496568,3.8837691865311776,3.4829629316727813,3.975979072521832,0.06776947583448756,0.02419672547855217,0.6479867690317981,1.1643165787618739,1.2630159886966026,1.017602181239457,1.0131591837484337,1.0110134571662042,1.0151712728864464,0.3831415585620577,0.25911885752462865,0.5625315368483391,2.0557733686921673,1.985948455389733,2.123510620014277,0.6119968954769717,0.5200537010552444,12.45763738099176,0.4136422331227303,0.27775640292937503,6.296740753372806,1.3858907189699934,0.1562022051123541,781.0856199256875,7.817092329776603,610094.7456546957,0.6550083644678358,0.4930955010672502,0.40337748059481937,12.45763738099176,0.3404001115726242,0.25890236486070056,6.443548333192675,1.3860978245920792,5.575745138071204,996.6404399000675,8.675722498115578,993292.1664442001,0.1433986431557319,0.5299023721774097,0.42927062088406,12.45763738099176,0.3702956877298867,0.2035451827878239,6.835829907886822,1.3858679394777027,-5.087842409637442,1089.6579348059065,11.439894911641973,1187354.4148854732,-0.23918130188166722
42,133.91749184282855,22.707093996883458,15.437894974471385,37.16741149610322,283.00193982408734,45.3476906308315,14.108856548951355,24.07367741711659,61.02355033634229,37.93926882951377,39.34013633266741,111.02206231149643,0.3579907593918147,1.053156386493421,0.15612744176700838,0.11277953284177897,0.08203986718415983,0.21750740677302288,4.121243834462802,3.90242422830275,3.447992642732693,0.10497305452894118,0.039138087390883126,0.7516333080921072,1.1961503263320403,1.2851706629922868,0.9869504544519795,1.0132951422998138,1.011204886895066,1.0151190474832232,0.3233448991332973,0.20596627136573045,0.58467844774788,2.026643702206882,1.9435116807198345,2.0080317869156263,0.7443586951389434,0.6557884291365631,12.45763738099176,0.5000720759464623,0.2455061492482338,6.243547622066691,1.3853588560844177,3.080565654709261,611.3542926313539,7.3237921650866635,373754.07111878315,-0.0609515462351262,0.5982510122461857,0.5128080311525354,12.45763738099176,0.40559100086452576,0.29018786817671965,6.626592143830135,1.3857818727819993,1.4168596148659018,792.4227659491046,9.749342138169945,627933.8399944294,-0.09078443083354064,0.590950174624973,0.5136957325854629,12.45763738099176,0.4048263417949432,0.19096794995664776,7.040123439908969,1.3858128687429996,-5.417356368057934,962.9835225524399,16.655095753117376,927337.2647075055,-0.1846665556134705
43,19.87172613133692,10.740932134569562,10.388117834147783,29.236117287880706,23.166300619968272,7.521075495725276,5.421249936704361,12.177644086179075,47.038213284532,37.214222658584944,38.97649429859232,110.50923306430323,0.10124813200949484,0.3909327307304391,0.03785180320080573,0.08481549764253254,0.05492953101233759,0.4235594859658515,7.327039869308695,6.47767046985026,1.8546223272400697,0.2095842992585105,0.024176012622590833,1.300092635592722,1.151348201639222,1.2801895727189572,0.796765540164124,1.0143260602672268,1.0139054883376042,1.0154321380699045,0.49387611305976226,0.37649748529219546,0.6599779448063191,2.003547777691192,1.96400275342691,2.08398356298843,1.23601195325053,1.1536889294737511,12.45763738099176,0.8299730632424915,0.21889979018952657,7.997661044182169,1.3780190072903804,-1.8865710143662116,303.7031079901677,3.5807269418253282,92235.57780288748,0.28038728256908246,0.8002338261962194,0.7214957509962805,12.45763738099176,0.5459528115253813,0.10433981342221915,6.444421785747517,1.3862436372079854,-1.832969558865419,532.7703049132203,13.474075917941498,283844.1977973258,0.8106918840409528,1.132192496162523,1.0541663242978623,12.45763738099176,0.7581758113420185,0.17015123231915055,7.477487949661245,1.3819378440198467,-5.808655736793938,411.34630666383504,5.872960732915875,169205.7840059778,-0.2177007747453361
44,74.79114998283434,21.60247450598584,14.291555683667752,31.737559913930834,208.57541367078966,40.981598643125736,15.439028696486549,29.81286112846648,66.2841712698756,33.85017065903215,36.452238934715965,105.38944084285231,0.0714708248198082,0.5667562541434359,0.0447157951100207,0.09776979428559078,0.05319394463706617,0.37667076252097803,6.728421371321159,6.351844100013285,2.090598396027224,0.2889071085071099,0.018640477218067844,1.2091327012153024,1.1599031678780944,1.321001845954678,0.823606686768409,1.0144984666147987,1.0138678819464106,1.015454477671605,0.49166142196980817,0.38978563183192,0.6843395467958141,1.8633563527103014,1.788342562457935,2.0450405727251204,1.2481101877833494,1.1817876619489838,12.45763738099176,0.8434226268398123,0.34380066686915656,8.071703653270228,1.3778327283406524,1.1729343452773264,289.4943064956537,4.647836642171403,83806.95349339949,0.1723246432858634,0.6787743293171924,0.6094511201842648,12.45763738099176,0.47462825599624087,0.2050220480464915,6.223024575257589,1.3859343400372945,1.684967663688199,630.1192121423625,16.612587670085063,397050.22151091165,-0.01273275398837014,1.1134300834733786,1.0396679288039383,12.45763738099176,0.7400884048806917,0.32449173556940547,7.111334020156249,1.3819029197487116,-0.1904304922969544,419.5356793922792,3.0159053448124427,176010.18628314126,0.0406492051733544
45,847.5453024771127,326.511849806159,147.7852591688453,188.86009950955378,816.5362476294358,226.3779483412713,141.87950402951355,175.89221538167408,224.11718236108388,83.07157724965786,68.39780509973413,202.2444611824265,2.320574963557026,2.343631928064177,0.3610099639087025,0.135554400067932,0.13682341934685888,0.46532349366965864,3.1687848583937326,4.521417140697839,1.9071067061535878,0.018040706201544864,0.019263266097859333,0.5055447612396965,1.1553959586893154,1.1426453407988943,0.8751641353552078,1.0137700627632507,1.0131516270053977,1.0151787322315784,0.46729981998031317,0.34992119221274637,0.6267575784570077,1.9757935165165197,1.9576315046071817,2.0706835870920655,0.4839480087846484,0.3674226117313942,12.45763738099176,0.3459605086817868,0.11751695309348072,8.405102817034859,1.3806014984856503,3.586600514333845,1058.8273103520937,34.11262888445393,1121115.2731474491,-1.8995327053827127,0.4958962058972771,0.3796227892562317,12.45763738099176,0.35251508257241554,0.12769005346379655,7.5053225230957885,1.3831235447486265,6.1198111415930825,1024.7411447350794,18.030202432351153,1050094.413712961,-0.6607901696123997,0.2779069106630039,0.17179984814776192,12.45763738099176,0.23029392298366802,0.12090731227491833,7.370763483406429,1.385870268195399,-2.491964911778531,2139.155127932233,33.85874207171839,4575984.661358767,0.09905840159009459
46,1255.027447584063,499.6496230346885,356.60529815287487,759.4751717210208,100.39205142003047,43.385950607077994,43.26512746989199,183.6474843055273,983.3118009413574,390.60759946893097,282.47749747368863,697.4655566501542,6.338132102652698,0.4707583269744383,4.505596791302919,0.16698186165088133,0.20006163788266645,0.2259436256278561,3.845970407352296,4.392711569752475,3.317460175409082,0.012494598102873133,0.10660253873052183,0.17401098033851248,1.284766635317118,1.131617535837125,0.977634152819965,1.0092798237426164,1.009287572071915,1.0104992530231007,0.23254256444517954,0.18824874264609773,0.28569515060407774,1.7930036261517137,1.979301560883427,1.9688798914533057,0.4117543782587165,0.22134657661537027,12.45763738099176,0.32099184610516757,0.11504083048013636,6.491022137738795,1.38494384944826,11.09484621168891,2308.6283207480255,21.448671056019492,5329764.723359848,0.569626014475661,0.3913568342206015,0.1973696153180898,12.45763738099176,0.3051383224449063,0.1162865937001827,6.591695030733419,1.3841649897776853,5.133615110716736,2472.1933753191347,30.892592346035805,6111740.084971815,0.8060837176232308,0.29482336258968767,0.11240163312388429,12.45763738099176,0.1863615649048566,0.12163260441034462,7.222395264684783,1.3846102281547314,-15.937426461987943,5598.953025676178,58.637968339216286,31348274.983728427,1.5620673364115778
47,26.48083819044864,7.778407042394457,6.0651418189646655,15.947315946781586,41.37806277712095,12.151687004441373,9.474687466993787,24.924348620617575,321.8572675178083,94.53204519247272,73.69711176069615,193.84865673296264,0.012244115386917722,0.02989342321717412,1.8087819665677105,0.22367815827464468,0.22368347867415658,0.22368911323750792,2.9231756763262853,2.9229923074840922,2.923089113232641,0.336135858841579,0.3363504085770965,0.33740399486062644,0.7969008122659539,0.796953325856288,0.7969180099334101,1.007094778811431,1.007094778811431,1.007094778811431,0.04429382179908182,0.033220366349311366,0.033220366349311366,2.069301254786857,2.0691234965811995,2.0690997475737873,0.36139364062615664,0.3369042480819127,12.45763738099176,0.42519943495585033,0.04036076724853893,3.639972356697831,1.3842855024273102,-6.720222060040975,1841.9664855918911,0.389985044487255,3392840.5340437423,0.00025771025897123207,0.3612748436129327,0.3367657733817722,12.45763738099176,0.4251952871384517,0.04036704921873758,3.6399676711738533,1.3842855937947987,-6.847035341509937,1842.353332328706,0.3899832409288857,3394265.801142688,0.0002553322032770416,0.3611436337971794,0.33640295224305,12.45763738099176,0.4252000279729108,0.04041103191805554,3.6399160207538404,1.384287414055712,-6.8833084654522025,1843.4437116776319,0.3899930768831008,3398284.718123804,0.0002624366876125409
48,9.690224049193759,3.6589432637544554,2.4716535705992584,7.286381518637424,15.140257025683118,5.716641868096082,3.859715694755232,11.387088805305469,117.7771891221013,44.471197491536856,30.028535680438132,88.55782027875719,0.012231963271613952,0.02986412202488492,1.806986328401442,0.22326531173284847,0.22325738802953796,0.22327011134209307,2.9258881531236844,2.925908115565952,2.925887500622416,0.33494149345411894,0.33474101142504853,0.33630400324142334,0.7954640436021873,0.795464436736488,0.7954696760573846,1.0070554759771835,1.0070554759771835,1.0070554759771835,0.02214691089954091,0.02214691089954091,0.02214691089954091,2.0936715063883953,2.0937016422364945,2.093548503554968,0.35433469558486896,0.33622477858302163,12.45763738099176,0.423674512295515,0.03180757605148742,1.3813740914414703,1.3833320300406824,11.615276691787727,1841.049606184952,0.39635835997167046,3389463.6524337665,0.0019824229779046377,0.3543936102422407,0.33623813159528354,12.45763738099176,0.4236686589437179,0.03180144082494299,1.3813660869535747,1.3833320248816274,11.57233433389117,1841.4387362070763,0.39634049866576815,3390896.6192039144,0.0019853588531587654,0.35441091992397444,0.3362514985112322,12.45763738099176,0.4236714709090271,0.03179986311567934,1.381371174408881,1.3833319935425645,11.635508367566736,1842.5348255817207,0.39635496054291686,3394934.5834814617,0.00198963610009933
49,9.978152858929747,3.986152976254624,2.8568417116302527,8.912053678140737,15.594107007409425,6.225721158939943,4.462632851606504,13.932854551379183,121.28226967990912,48.43758949695192,34.717234630959915,108.34764919006224,0.012264459828995496,0.029943600444150432,1.8118038681836863,0.2230824712225389,0.22308023059357254,0.2230921040728908,2.9323867959135175,2.932413414709877,2.9323848938191266,0.33479480558786645,0.3344581695260151,0.3368011170891105,0.7881124260867512,0.7881386734729822,0.7881003899087415,1.007063337350808,1.007063337350808,1.007063337350808,0.024361601989495,0.02657629307944909,0.024361601989495,2.09588454444075,2.095917412215431,2.0957333930721207,0.35409466890630004,0.33644601507918753,12.45763738099176,0.42364840066229126,0.031193793899127818,1.3487010844256921,1.3850599023340624,-26.06097289524258,1843.5024103776968,0.3925361550345272,3398501.1370683783,0.0012442094691402902,0.35420848552804296,0.33649359576287907,12.45763738099176,0.42364185016417866,0.031200228358406013,1.3487009978434392,1.3850598928464164,-26.030210553524128,1843.8916034469596,0.39252660998182565,3399936.2452621995,0.0012533903564925224,0.3542260201834435,0.33651590029548306,12.45763738099176,0.42364525094225397,0.031196739283068924,1.348695979994116,1.3850599169734592,-25.986535370737688,1844.9887760732424,0.39252956009236817,3403983.583836241,0.0012493917146551448
50,9.527192115598762,3.502155084342416,2.2988772687195427,6.470085462085077,14.88641573708527,5.472581032350959,3.591538450040007,10.111175054540375,115.79926496272655,42.56812829534314,27.940672304209187,78.62678401958452,0.012272509274223891,0.029963037976798505,1.8129907619524785,0.22305821533107856,0.22307166344032622,0.22306552835293358,2.9331959793867495,2.9330824124200015,2.933229146373041,0.3366825629702669,0.3358224333840414,0.33862735871651695,0.7836126422992301,0.783595887414977,0.7836074064471538,1.007079058887797,1.007079058887797,1.007079058887797,0.017717528719632728,0.01993221980958682,0.01993221980958682,2.0922603415634713,2.0923696370537836,2.0917573841283534,0.35492033794561095,0.3377273522822007,12.45763738099176,0.42384861769160936,0.03112319950850407,1.5004537106412346,1.382047706199327,-27.225736302067396,1844.106209742164,0.39028261334326464,3400727.71280961,0.0006276950996423687,0.3550430005929637,0.33791584068594294,12.45763738099176,0.42384289695998006,0.031123269892614252,1.5004627159004078,1.3820477027350908,-27.14035055746989,1844.495141523925,0.39029271969687374,3402162.327105364,0.0006424587885499231,0.3550576580419613,0.33790827711506527,12.45763738099176,0.42384564007396364,0.031123949093572252,1.500452865925029,1.3820477834275708,-27.377298043542403,1845.5931418430048,0.3902750102529273,3406214.0452179336,0.0006341195061630959
51,9.17698891996064,3.157102960720006,1.9185139042993447,4.550633047060632,14.338765318222526,4.934640345486426,2.9963782909511107,7.117460575849508,111.5057628114907,38.34257462641517,23.28695362291765,55.229058772488926,0.012272393474400706,0.02995847692416712,1.812881996728954,0.22307305649539977,0.22307613543164143,0.22307715084684032,2.9329643143188315,2.932837600109657,2.9330042885753924,0.3380602866811935,0.33723315450036856,0.3419739908217466,0.7745054322954572,0.7745031808055445,0.774514169546416,1.007079058887797,1.007079058887797,1.007079058887797,0.015502837629678636,0.015502837629678636,0.017717528719632728,2.103566482603839,2.1035129453922004,2.1029410239462227,0.3570545126468665,0.3406530765584326,12.45763738099176,0.42398104631844513,0.032411562091447514,1.564966917860111,1.3858466563305882,33.342012653058354,1844.0513407771036,0.3913115177461699,3400525.347421834,-0.0014491667150034375,0.3571429909188941,0.34065762286301016,12.45763738099176,0.42397309989470666,0.03240188359729935,1.56496462333979,1.3858466853314648,33.38834532754639,1844.4346543101797,0.39131722945136316,3401939.194020312,-0.0014513782351693852,0.3570545896488877,0.3406792235503211,12.45763738099176,0.4239774153630227,0.032412901194143674,1.564966146871965,1.3858466773859683,33.49135565348023,1845.5421669157638,0.39130348379405255,3406025.889864133,-0.0014452079113108048
52,10.12768022892575,4.157379425777017,3.0718566096719995,9.889091206582954,15.826655028784112,6.496883660658844,4.796841831368203,15.448759145911058,123.12004494642186,50.52721183107135,37.31212092366437,120.13102325632248,0.012243643609603921,0.029888986341691653,1.8086583457489673,0.22305110108325024,0.2230463307459109,0.22304561856817054,2.930421160310761,2.930531981468096,2.93051026358317,0.3364857257085414,0.33570200414564366,0.3393130907331478,0.7872508886172082,0.787257382884182,0.7872640064934975,1.0070711983209961,1.0070711983209961,1.0070711983209961,0.01993221980958682,0.01993221980958682,0.02214691089954091,2.0930151792166485,2.0930616777216207,2.092732017488035,0.3562515703306617,0.3386638983112503,12.45763738099176,0.4232075297686893,0.031927313469555935,1.3713764268910302,1.3834506557376376,-26.006225400724738,1841.9020482723126,0.3953209311133996,3392603.1554297404,-0.0011085449746303946,0.3563023649772319,0.3387058615276998,12.45763738099176,0.4231972638237804,0.0319194427123404,1.371370926850228,1.3834506369740391,-25.97917354355289,1842.2854335335396,0.39532271083647874,3394015.6186098624,-0.0011059739327343642,0.35616787013309015,0.338614653164779,12.45763738099176,0.42320268869970384,0.031920089794402286,1.371375707198999,1.3834507255867514,-26.01291699715736,1843.3900722865396,0.3953296160331585,3398086.958604574,-0.001104305381632191
53,9.158026951938274,3.13837019256848,1.8945711883374343,4.421101472146908,14.311914561810223,4.908120147409347,2.9606475831131838,6.927766961884434,111.19016727092355,38.02323730527543,22.816039397040544,52.96843178031288,0.012251103128262235,0.029909115062537017,1.8097067915936207,0.22302041477502413,0.22303543693609196,0.223027016032047,2.9332476793198063,2.933065364072737,2.9331801593504783,0.33783539322816464,0.3375374279245619,0.3416295456283577,0.7919500707224745,0.7919540444676539,0.7919184683097594,1.0070476142000746,1.0070476142000746,1.0070476142000746,0.02214691089954091,0.02214691089954091,0.02214691089954091,2.1043787153309657,2.1042206936389976,2.1056022513325092,0.3572809291925463,0.3415082733971524,12.45763738099176,0.4231214200725619,0.03167986200777883,1.5695164951143072,1.3855890074763972,33.431997533159496,1842.4337621328789,0.3988186030181886,3394562.1678471137,-0.001854589585227727,0.35730233119079946,0.3415589877446502,12.45763738099176,0.4231137067281865,0.03167972129385999,1.569516748649021,1.3855890435190745,33.43778864770132,1842.8241018295817,0.3988264128997665,3396000.670284004,-0.0018438867572254584,0.3572925848507911,0.3415202551185264,12.45763738099176,0.4231189659129651,0.03167412340597744,1.5695190988093828,1.3855890192087852,33.42625714203237,1843.9252268891705,0.3988075200982495,3400060.242358279,-0.0018558862766988387
54,9.15763815121267,3.138423666897698,1.8927313648936719,4.421442160872839,14.310908227840258,4.90785278076912,2.963796181677672,6.937893653059684,111.19028056594338,38.02323017837163,22.816759313984306,52.96842374131145,0.012271824265914463,0.029960200226712398,1.8127689239472955,0.22300777437381042,0.22301004408152517,0.2230143685277794,2.933646657074556,2.933537755194779,2.9335910628475763,0.33709259892105403,0.33684688318050626,0.34154108578249043,0.7751216092316261,0.775083695151761,0.7751282580410023,1.007063337350808,1.007063337350808,1.007063337350808,0.017717528719632728,0.01993221980958682,0.013288146539724545,2.104321614393877,2.10408119259294,2.1073754672613383,0.3568722430458773,0.34030129650529484,12.45763738099176,0.4234980699869336,0.03352309329822841,1.5656195080334374,1.3840467516045372,-33.67713492351983,1843.9916205872607,0.3910804893361468,3400305.096796032,0.0013615329471785248,0.3572652172894486,0.34045331982529736,12.45763738099176,0.42349173874780355,0.03352192781280756,1.565627389167667,1.3840467417117464,-33.632288963975626,1844.3833688512643,0.39106881399860427,3401750.011295139,0.0013635071735500215,0.357078877286753,0.3403608755159774,12.45763738099176,0.42349490354190583,0.033522915976722696,1.565615158132308,1.3840467399377623,-33.69931364353256,1845.4843642670303,0.3910689460493475,3405812.538754085,0.0013702153374699447
55,9.157320928901276,3.138509486512666,1.8910541753826648,4.42237789196491,14.310935521577758,4.907470785013455,2.9583630009631467,6.927951882756371,111.18953218442849,38.0226718457638,22.816244055434705,52.966640635461204,0.012274767120462203,0.02996828249289009,1.8132150584882307,0.2230044449211305,0.22301726059341803,0.22300840693552923,2.9335144868222933,2.9335027030239096,2.9335484743877824,0.3379910526915436,0.3373494517620787,0.3418234340332605,0.7910114656117212,0.7910429551789048,0.790998683224911,1.007079058887797,1.007079058887797,1.007079058887797,0.017717528719632728,0.01993221980958682,0.015502837629678636,2.1043995981973294,2.1042589643808376,2.107344360442317,0.35706291844685056,0.3403667371088718,12.45763738099176,0.423743137477566,0.03187534371109694,1.5643149579011604,1.3821350809755695,-33.605621824619405,1844.2182676022262,0.3895286484633913,3401141.018557756,0.0005019483822849561,0.35711921782276823,0.34031024808568544,12.45763738099176,0.42373749587585346,0.03187054587680907,1.564322204881091,1.3821350979759348,-33.60516359549372,1844.6116003351387,0.38952479536846196,3402591.9560909616,0.0004987166069028893,0.3571737554251957,0.34030639098929966,12.45763738099176,0.42373908699335994,0.03187493234801878,1.5643094430005726,1.3821351301715625,-33.57370838860225,1845.7107615605942,0.3895261898335831,3406648.2153405882,0.0005067329574340147
56,9.15762835194845,3.1386596246577505,1.8929461733976332,4.424313801325286,14.310318362911731,4.906402324129311,2.9593880653531337,6.921834097260758,111.19008400724596,38.023267144339385,22.81729821611035,52.96652429145893,0.012272274804766592,0.029962109953521183,1.8128181552140055,0.22303764563510425,0.2230367217663537,0.22303982572450565,2.933106213546106,2.9332718422688484,2.9330438258022404,0.3386547076076743,0.33755643232766613,0.34282522140353716,0.7745160921342664,0.7744941548579822,0.7745141539061907,1.007079058887797,1.007079058887797,1.007079058887797,0.017717528719632728,0.017717528719632728,0.017717528719632728,2.104271140015625,2.104130215879651,2.1072819461452177,0.35783693477454426,0.3413413947073002,12.45763738099176,0.42389606972156335,0.03242873730695068,1.5648255268460693,1.385846935866363,33.66379759684605,1844.0158915573177,0.39096257966042725,3400394.6083159293,-0.0015818353020011916,0.35781781535278023,0.3413383411854284,12.45763738099176,0.4238878826771431,0.03242911062807823,1.5648130852844582,1.3858470007295212,33.669598744896774,1844.4102937175571,0.3909517771690738,3401849.3315712856,-0.0015743727456216403,0.3579134970929556,0.3414862890263272,12.45763738099176,0.4238932806516238,0.032429300199317425,1.5648262591134603,1.385846947044134,33.66302562992983,1845.5096579426865,0.39095758805293457,3405905.8975597317,-0.0015718232103050576
