bandPower(){}_0_delta,bandPower(){}_0_theta,bandPower(){}_0_alpha,bandPower(){}_0_beta,bandPower(){}_1_delta,bandPower(){}_1_theta,bandPower(){}_1_alpha,bandPower(){}_1_beta,bandPower(){}_2_delta,bandPower(){}_2_theta,bandPower(){}_2_alpha,bandPower(){}_2_beta,hjorthActivity(){}_0,hjorthActivity(){}_1,hjorthActivity(){}_2,hjorthMobility(){}_0,hjorthMobility(){}_1,hjorthMobility(){}_2,hjorthComplexity(){}_0,hjorthComplexity(){}_1,hjorthComplexity(){}_2,sampEn(){}_0,sampEn(){}_1,sampEn(){}_2,DFA(){}_0,DFA(){}_1,DFA(){}_2,PFD(){}_0,PFD(){}_1,PFD(){}_2,LZC(){}_0,LZC(){}_1,LZC(){}_2,HFD(){}_0,HFD(){}_1,HFD(){}_2,ApEnt0,SaEnt0,Sh_Ent0,fuzzy0,Multiscale0,Sp_ent0,wave_ent0,EEG_mean0,EEG_std0,EEG_kurt0,EEG_var0,EEG_skew0,ApEnt1,SaEnt1,Sh_Ent1,fuzzy1,Multiscale1,Sp_ent1,wave_ent1,EEG_mean1,EEG_std1,EEG_kurt1,EEG_var1,EEG_skew1,ApEnt2,SaEnt2,Sh_Ent2,fuzzy2,Multiscale2,Sp_ent2,wave_ent2,EEG_mean2,EEG_std2,EEG_kurt2,EEG_var2,EEG_skew2
555.4874762433334,199.2675756922527,135.44943547015188,192.4060539445545,596.3753302742642,281.6278892307805,291.07335379828214,789.9935338307407,939.958034468455,215.7184218715657,110.04186451931749,179.74469365625964,26.81022438173108,3.903852331081656,13.77044989387818,0.1739358216956676,0.4732074624136937,0.0818034597666261,3.9522953701404298,1.835747573843245,4.863855637430745,0.0729755600063771,0.564436647779635,0.1449119052207589,1.217602231211296,0.9545249211380092,1.2316957820800978,1.0099524745367858,1.0148053273405084,1.0052206294922863,0.2059662713657304,0.4429382179908182,0.1572430673867404,1.9839516335757967,2.051166373201245,2.0175508882813253,0.3605432791754861,0.2560206965994021,12.45763738099176,0.2452277135319116,0.1281742496257228,6.970031922620635,1.3762118172216815,-20.3328391184018,2716.290685068097,26.3374137700762,7378235.085787713,-0.6255458297008467,0.3265924675187657,0.2270510321639876,12.45763738099176,0.2223101900923242,0.1644367708521705,7.1979979328426005,1.3563443730860083,-17.579094845598377,3579.071362357937,34.33876873500229,12809751.8168507,1.158748295209181,0.2128545763950071,0.1362275570623794,12.45763738099176,0.1633409497161226,0.1138426674902617,7.1372980475903445,1.355226206975396,13.119640522268895,5352.878330294777,57.18182185388763,28653306.418939397,-1.6587319691613476
355.31381607092067,116.23636404258714,64.848302283676,237.6500445829365,716.3074067329028,561.6694497655362,739.6780888085605,3315.040724653234,648.6868595716758,133.6379533235032,67.2178603241933,130.93003530312347,1.4705743123119,5.271672278680772,3.920366329776577,0.1297850648709726,0.6485127163470802,0.0815645124446257,5.087604835454077,1.365107354687043,4.71639638985409,0.2809852141866504,0.4343145072912889,0.1615442666750353,1.1533406380423648,0.9083131194520035,1.2359941963938974,1.0117548845040758,1.0150593398938963,1.0056814108232632,0.2148250357255468,0.5005201863296246,0.1638871406566027,2.011803207397437,2.001618285928953,2.0032398174759165,0.5896238299560523,0.4792257868951321,12.45763738099176,0.3776943464706409,0.2215386464303642,9.711581787994527,1.338577424417779,-15.6522815808277,1335.0288739902892,320.5819096560088,1782302.0943877797,2.8087716941872274,0.4866139692589044,0.3591573121476743,12.45763738099176,0.3122607995522226,0.2177209935016248,9.52480161471466,1.3733860675054177,0.6768216184918723,1985.1784061360568,295.4451140177662,3940933.304188897,3.934442947175394,0.5014503602909395,0.402654861852068,12.45763738099176,0.3208890473473331,0.3679030520952856,8.019046497514625,1.3836872333456407,-11.36409169175556,1919.7701223033016,70.90173221912696,3685517.3224884346,-0.461823550205105
206.50772923930816,54.76871271992998,35.63082782398879,82.96229052790133,172.8462519854291,93.46677863438023,102.95426716220496,291.2247539114994,174.82545729470763,40.4693238721574,17.83752312246747,21.93472754549438,0.8604330200852175,0.6922769161959962,3.8188567223254815,0.09989482417246,0.2990165492923298,0.0725654270641949,5.501466760607088,2.65254665568085,2.632571489232559,0.2928109088256786,1.0068377908711,0.0673111789726277,1.143600180910132,0.9185609537259471,1.2271898719117158,1.0129474558268354,1.0155214773062242,1.0069689742266084,0.3122714436835268,0.5669609190282473,0.170531213926465,2.080597935719374,2.105481181464655,2.1921198933733064,0.7534150512973148,0.671201939927684,12.45763738099176,0.5023517111862632,0.2422798267108124,6.935068133602444,1.3858476085892608,7.908015109314482,802.7547519272285,11.702760026938602,644415.1917417462,0.1307511003600841,0.6572040580619496,0.5621913093713095,12.45763738099176,0.4308682981785905,0.3141268584790738,6.162598210823915,1.3861121573951938,-9.959207809549763,1107.6062931140036,6.093094439024583,1226791.700545744,0.1780596593695496,0.5821551637372906,0.4969694087031747,12.45763738099176,0.3817883298798197,0.3315243425961566,5.837816063555251,1.3861628467117575,0.4916585717534407,1329.6530553584605,6.70382231568383,1767977.2476240883,-0.0684094623042425
108.55257144238436,39.17270302499561,30.870954957743905,80.26235501302838,194.937614688819,102.60143085679394,100.7813021603204,280.76088333952447,519.451437685064,70.1615321634063,19.140064164993728,25.65008377229279,0.4949338981943708,1.1679516356861972,4.619073918520563,0.1141481673392299,0.6483398473958939,0.0696125486576983,6.134666294615291,1.3871536491093113,2.7547695431659744,0.3826953938424711,0.8044183590650549,0.0691028369458763,1.151919863697193,0.8474508569640312,1.2500779303162126,1.014273550868045,1.0157148705065793,1.0068824235895146,0.3277742813132054,0.6112547408273291,0.1439549208470159,1.953641269423809,2.0763420228175966,1.9282601568686288,0.6453125858733699,0.5677848014584398,12.45763738099176,0.4312413879656322,0.269740021498106,7.675125594086097,1.3828670774823468,0.0201139547398865,975.8141687701396,35.51158735728059,952213.2919725584,1.053165770480181,0.6315830942900922,0.5527558475676777,12.45763738099176,0.4234542042425717,0.2080229778912809,8.27767421303294,1.3735798941475168,-7.202021721653112,1070.6391971119529,117.82986683706416,1146268.290392527,0.7380588063066951,0.5858891176478065,0.5122812835472059,12.45763738099176,0.3856616205852194,0.3519492949150526,6.612815402791612,1.385203919287764,4.258547481779315,1295.8725831132776,15.762592683404185,1679285.7516646786,-0.0549336838976217
129.18885032261298,43.80771309137046,36.29287251160991,116.7503286718037,316.7317502015019,296.6288880898652,394.6375645731685,1853.9371427425908,379.8635981294776,78.86790332758812,32.86863207673177,53.537563408589456,1.0759870808076275,2.226170006151769,3.2168698136081115,0.0985120852024029,0.6769523490007779,0.0845524405353593,6.707027844243672,1.3203122954239352,2.875664970713117,0.2327403434233543,0.609649189202387,0.0870153450290562,1.1460155700811632,0.8558991982826981,1.2809246777512546,1.013928047810048,1.0156925681223263,1.0071340715646406,0.2967686060538482,0.5691756101182014,0.1306667743072913,2.0741531851263293,2.0510128429867938,1.9852679867915792,0.6129745194200509,0.5274983054496748,12.45763738099176,0.4064861536187923,0.2534482675420593,8.883954853936752,1.368135618920544,2.731694368752297,1049.416724520495,72.35850439339323,1101275.4617033254,-1.2497148089351693,0.5148706855822236,0.4239935127047279,12.45763738099176,0.3513783137915613,0.190588628278865,8.8857949340587,1.3581410010638988,-12.631958938127774,1373.922673054412,107.87035107383262,1887663.5115329807,-0.3845871556427913,0.4781262062132017,0.3995508790864418,12.45763738099176,0.3195184096575009,0.3541446255984461,7.059793462836725,1.3848347258865257,4.258547481779315,1624.9511120822297,16.34799204946855,2640466.1166572752,-0.4057665250313974
286.37069663470265,80.56658698234105,41.30112129857048,92.22259500453876,252.75480379066929,158.62329731476632,124.5510901081859,332.3241870100096,616.2765733781514,145.97166840320023,27.143977474717325,37.02364223632793,1.084289149732098,0.7234943648118409,2.257379926087016,0.0895094574554244,0.3044764044986892,0.0953852198020659,6.090400339942259,2.492276850688512,2.2223692640804207,0.1960639015714503,0.9631531886958364,0.0701642419692731,1.1490403606901007,0.9112723240003668,1.274427162220901,1.013551628781664,1.015454477671605,1.0083315875330012,0.4075031605515527,0.6178988140971914,0.1439549208470159,1.856289729283283,1.988443401405091,1.8988190431360008,0.7677335781406436,0.6942338108453588,12.45763738099176,0.5173365894319216,0.2753453698962612,7.669689094064391,1.3851819856827503,-5.607933137005379,749.79529933064,49.565021997794446,562192.990898324,-3.1320686645265883,0.6367080234666864,0.5463726195877558,12.45763738099176,0.4316660054099083,0.2570836510182086,6.063401360311734,1.3858512537949308,0.715218653158304,1054.6003812667243,7.261681149917949,1112181.9641679204,-0.1890583797865471,0.565467679762679,0.4932092831287126,12.45763738099176,0.3812912582842006,0.2738707605878849,6.691167819735081,1.3856917616930824,-0.6660134551652157,1270.965810184059,15.207992605557097,1615354.090656821,0.1089177172866096
46.07926827274423,25.274908206400035,28.2708741644329,76.95236152049087,124.03943926543867,80.56855630472188,92.0371456986343,272.5690706881363,43.76596922043507,13.536452201379433,9.7710008177272,17.034319739828398,0.0298763256368324,0.1931643984012315,0.0881990699618451,0.3318438158634856,0.4840026086513491,0.0721327076000627,2.3202407669002927,1.6898431494114263,6.959010189323886,1.136696301878391,1.4363028571600405,0.22164620696583,0.9016724271877654,0.7490172154662185,1.2330353505088345,1.0150145442001277,1.0158337628200294,1.0114954070094238,0.5248817883191196,0.6954130022455846,0.1971075070059141,2.0702455715736603,2.0855081634289645,1.9950726613154863,1.4207032027305355,1.3638052674766208,12.45763738099176,0.9467405575880484,0.4199919476238892,8.500348315848793,1.3630796650754426,0.8165386810151958,292.67549190124817,-0.0754143685855406,85658.94355963757,0.0509696205079439,1.5039313345601275,1.4442852391634542,12.45763738099176,1.0202705073504412,0.3620411565263129,8.683515590355004,1.360950630357202,-3.230219311676936,286.7109396858358,0.1219253250966154,82203.16293553496,-0.0002374373332046,1.3682312412158586,1.2937114680755366,12.45763738099176,0.9024842489751204,0.3704261678793397,8.399517174951855,1.3718415618683388,-6.653310374136687,358.6224002547415,0.3134900572117538,128610.025964472,0.0896044857327167
53.452543954046185,26.39923832627357,29.70728565659945,76.75285879687635,126.0080752658608,82.50370902752715,99.65541212855936,269.24980639135947,75.26075471673741,17.213296066858884,9.70586356808162,18.96543726727957,0.0577039319996413,0.2254160563982343,0.2537883281128453,0.2396139100218758,0.4471623843972585,0.0604779818588269,3.191740356842256,1.8339989071000864,6.572466161209833,0.8655712783569596,1.3854370630316646,0.1018086665547148,0.9411690377774876,0.783711579259748,1.2508636781440374,1.0150668045923816,1.0160786929449317,1.011212539156558,0.5315258615889819,0.6533338715364568,0.2103956535456386,2.1606260688162378,2.118164512868114,2.1808725994289078,1.3218131441836962,1.2531837611132564,12.45763738099176,0.8763214763387465,0.3827139284559956,8.072591635794588,1.373854436430891,6.695550159253699,329.3312723361864,1.448977348108154,108459.08693857136,-0.0173511072041153,1.4337248365027748,1.3622545135002997,12.45763738099176,0.9665748931627458,0.328917140886413,8.245564158153595,1.36908297056997,-0.0742107452358702,312.5060200688199,1.1583875062831028,97660.01257925369,0.0982769712708477,1.0829062573748751,1.0054068299670686,12.45763738099176,0.709589907714024,0.3203146486885599,6.864061785866436,1.38328481592715,-0.4601116024049645,509.2277392984464,4.642247612753454,259312.8904710065,0.0962483316563876
47.51212757106059,30.48170618546223,30.00474541764947,88.3261232616816,206.93517237423345,195.02784385562023,268.9227494079739,1140.4859599209906,47.56899480181952,15.08409501584376,8.520282487811201,20.93995284926424,0.0617751199178531,2.194584219819412,0.2579369942583684,0.3269021999183638,0.7244778520920113,0.0673618019887128,2.531037425772926,1.2230176028023931,7.588143480699751,0.8681416911603244,0.5582142442829319,0.1172989983557272,0.9502821672136844,0.7579179905138897,1.236162243034852,1.014850183161038,1.0159896718415626,1.0109061528761838,0.5758196833880637,0.6754807824359977,0.219254417905455,2.0449100186060534,2.131578343302795,1.9951567135473207,0.7300564553809474,0.650378303227749,12.45763738099176,0.4984206746881975,0.1161884854586561,10.113181043315796,1.2204002988504574,0.6127502677246603,765.322233028852,326.2534075714693,585718.1203682685,-0.6650189008138829,0.5478660536484607,0.4731880790409826,12.45763738099176,0.3931059212369553,0.0666354432406328,10.206952537946572,1.1725148549666238,3.997336378547186,1123.2232617480404,410.2661182555044,1261630.4957319067,0.3760974115581902,0.749020810494839,0.6658280827470584,12.45763738099176,0.5038161679806882,0.1234722999875655,9.574080986551076,1.3101554472951358,-3.473466367821821,858.9445918224972,205.58604281607015,737785.8118211163,-0.4254297745484682
63.52643865769068,33.49560169000397,29.99921896702528,104.9853785846795,246.09396370317072,209.15338112557032,262.6168299520391,1179.6114728523182,150.4647758492925,27.033784274618903,15.155369557136684,27.97268935636975,0.0573326156797193,2.35751825945044,0.2180544237003848,0.3552419081516321,0.7227012384009743,0.0811314678158041,2.383690389112512,1.2308759463380692,6.11985710752114,0.9308113149243924,0.55353020045272,0.1712252014682187,0.980953304300382,0.8022178079009816,1.1988048180349786,1.0149772046257175,1.016167663394332,1.0099833305298496,0.5071642595994869,0.6356163428168241,0.2236838000853631,2.037941823729372,2.071018732537826,1.995575978915033,0.7172406664603974,0.6447563400565369,12.45763738099176,0.4805148348339934,0.160606035428637,10.030437367844426,1.2184714434076762,1.5558933234982546,794.738297317,282.0998210287175,631608.9612223243,-0.5991793162286023,0.5391771441633213,0.4745828242641517,12.45763738099176,0.3808478468949329,0.0878507938017248,10.2045156626972,1.139024632200249,7.476110067733749,1153.048400713748,370.8817355406367,1329520.614388532,0.3390356095333223,0.7583125214390498,0.6846809636642128,12.45763738099176,0.499445104606568,0.2129625814772522,9.80840901650316,1.2880478477562831,0.4952793022969857,859.5491380404934,206.13072258880308,738824.7207061552,-0.4066571627275116
56.309638153565885,26.89049047337117,28.51461446455984,81.62870091592521,121.94691648137186,83.17542407000342,97.1177218953002,329.3788632642359,88.22743885039908,21.545339216657634,10.87450466766058,21.43644858175797,0.0603464721428621,0.3471926466677046,0.15053682019303,0.2657617419403341,0.6113085977498974,0.0860118952874384,3.023888911824621,1.4632582108482697,5.1213727979762815,0.9008645239188744,1.2171660491556322,0.212049606623204,1.0038715789609698,0.7765521528956206,1.1757984843426428,1.0147380194025293,1.0158708981245066,1.0102761549968091,0.4695145110702672,0.6666220180761814,0.19489281591596,2.0317701267287407,2.093211610342326,2.061945135233883,1.282390890229391,1.2008503466464386,12.45763738099176,0.8512834973796316,0.3616374639983584,9.10452821675162,1.3553003105778705,-4.223314119620031,359.0646206268787,45.86299556411864,128927.40178592432,0.0144849292469052,1.2714898078373316,1.2115877907072066,12.45763738099176,0.8565734367973593,0.2924226031734696,9.70636181286038,1.323912512715369,7.233007124892691,393.08943088078365,127.23826688298212,154519.3006701784,-0.3128199695912322,1.159536117475021,1.081706571711634,12.45763738099176,0.7601181695853798,0.3554101006129156,8.40904772036341,1.3749431508256398,-0.7190187645940398,479.2725812973399,17.836164364995522,229702.2071834152,0.2101950343808319
1544.16535663176,621.4483985703291,81.9303197758997,150.1596787195709,1073.9277635525675,746.0078050479935,217.6641086846689,596.1209430282919,299.93865447860003,88.34725730245621,23.947477779331454,41.18311624485311,5.671129822239243,3.522438699177639,0.691533535826072,0.1100910642313121,0.2928619994833459,0.0710514100159889,3.292645984108668,2.66737199369276,5.215769223636926,0.0495699546373276,0.4407724400333603,0.1016238442370837,1.1695515336913245,0.9152884095092284,1.264491653460787,1.0136119170861648,1.015514034321829,1.009504367149238,0.4008590872816904,0.6511191804465027,0.1683165228365109,1.9064312234957552,1.9868569456251528,1.942437237606376,0.6724465658610543,0.6073163950365142,12.45763738099176,0.4604279656328008,0.189902086725456,8.845161516822683,1.3502586869693176,3.5357603744639228,859.1686392066114,107.16559508204864,738170.7505961403,4.887203704230872,0.2067413041283885,0.1479567121087992,12.45763738099176,0.2004840565986003,0.0946197859088151,7.272681976172809,1.385943006615581,8.095689586555093,2641.8083394266278,43.95529431574063,6979151.302264075,-0.4221817212948921,0.3847472427463951,0.3190187316773671,12.45763738099176,0.2874544956726554,0.1331512146433082,7.587307365489211,1.38303967312166,0.5424065563083786,1759.4005854309885,61.154011189526415,3095490.4200149053,2.18137088196447
43.89246733109755,27.56280951868772,26.82581897305401,84.23673394293976,109.3146869499491,89.51822051844084,91.24637614030064,309.50651783687005,60.45024820435722,14.59042544186488,9.088600370827796,19.09359376902841,0.0799140792271774,0.4543966154373217,0.0767906278605546,0.2989117417605421,0.6718490374459657,0.0843740130376047,2.7970437124370906,1.3059237915168576,7.470268412772359,0.7896410048117742,1.0994554250112247,0.2543042037820777,0.9982979334268908,0.7042833083106684,1.2487592348549337,1.0150444094252506,1.0157594657263287,1.0115106824395763,0.5027348774195787,0.7330627507748041,0.1572430673867404,2.0642184014454017,2.102651874703247,1.9672901024025,1.1793924782325047,1.1065169128733008,12.45763738099176,0.7823614283434045,0.2653826560024231,9.844865891251493,1.279656480600544,2.4758141031976386,409.2608692480885,238.3891124311056,167494.45909770098,1.998405565483228,1.1225936378436463,1.047520196013621,12.45763738099176,0.7477929213791918,0.1867436472974654,9.8564575483227,1.322269284386457,6.316954925816178,484.1203925425783,322.37989495559606,234372.5544755801,4.25242495605679,1.1411834608528326,1.061052933385315,12.45763738099176,0.7481574230973818,0.2352836873314412,9.287320717724931,1.340886021947686,-9.989562315435478,494.1831713899621,156.75974828590157,244217.0068850407,0.0967481299725005
50.73955228350225,31.68533692347304,40.92727161177722,150.8505068552681,457.7788199860106,451.2453202602868,603.9806634194524,2584.05253197657,67.45148645380182,14.63944224500034,12.621007992394908,39.56842693116732,0.0538535393464711,3.215454827366812,0.3424950153895834,0.3849445173306501,0.7207324034533971,0.0609525860188535,2.186666022329859,1.2241128343760852,9.006036332558468,0.917741267013227,0.4505299916650022,0.1030652804162964,0.8928641732823089,0.735264563404756,1.244182535540097,1.015245850296983,1.0161083553862644,1.0110900575042376,0.5713903012081555,0.6954130022455846,0.1993221980958681,2.1413606321501804,2.037162315278197,2.2284406382068545,0.6195568685127735,0.5456253033662585,12.45763738099176,0.4235865794426157,0.1290739370486934,10.133053182890183,1.2393209300228445,-1.207998074653748,928.6816061026524,301.59692388853824,862449.5255134022,2.168232388174477,0.4448111009281534,0.3857152751268455,12.45763738099176,0.3374004708842983,0.0593891531164993,10.22290743316771,1.1903112639853208,-3.491305214721624,1348.280296267396,350.5663368674432,1817859.7573028973,2.3495446905808244,0.643878177686072,0.5669783138567189,12.45763738099176,0.4404554165015529,0.1630178997008289,9.934071806310278,1.2988886326091995,-18.19550318176647,1005.1264499329508,231.21085170023355,1010279.1803548168,2.1813319653557057
47.82671572420175,28.5842668943708,30.64246662647262,79.11358620891629,123.11588024535558,86.91574367207136,102.03346454326793,273.2211639392097,77.44608180812692,14.411434661823025,8.871565533351333,18.2103834560264,0.0596502287272688,0.2229714563646185,0.3592794975231868,0.2437613298421662,0.4689522455260762,0.0548081181721046,3.1370177989518777,1.7533089075646693,6.523150225834629,0.8785969887963387,1.4189741169056147,0.115068648072296,0.9692104507224798,0.7649559376944565,1.2910798251712403,1.0149846732557486,1.0157223039272163,1.0101221061500252,0.5160230239593032,0.6843395467958141,0.1816046693762354,2.043923980943938,2.0806843577048,1.948556278901235,1.353849507237488,1.2724862221800155,12.45763738099176,0.8861984919277125,0.3993628624758855,8.106194003157082,1.3732178074238006,-7.057035615624606,337.3372042586258,0.5472480021374149,113796.3893770258,0.0689062212859654,1.4981301586365552,1.4431992798373163,12.45763738099176,1.0132602988476802,0.375701425333353,8.491045414610312,1.3641464442806257,-3.355993540297767,305.1060852078893,0.2598920186984084,93089.72323088378,0.0697953419283536,1.086157113614132,1.0007429084906738,12.45763738099176,0.7108073826818622,0.372615913071711,7.061157825024781,1.3832645872572868,-4.778143178446868,528.0583828497748,4.6545890737143205,278845.65569791937,0.0022966481029739
61.86974376294087,26.350860655549173,29.808097286097823,81.11468552934974,133.14550035461906,85.01765699645156,97.2329091276591,282.66283288554246,92.67616826495802,20.41815913701596,11.197828390123796,20.65808886177492,0.0518447152843593,0.2077229083129745,0.1287798478672595,0.2582184052604892,0.4850625703808149,0.0740274653306179,2.966174238845064,1.6996721195681317,6.069045072440665,0.9129132756257098,1.4404824826239662,0.2068470431296812,0.967406643346646,0.753904485107646,1.247599113242169,1.0148053273405084,1.0157297369941956,1.0106989982172063,0.5425993170387523,0.7087011487853091,0.1838193604661895,2.0233375953472605,2.088722870299932,1.99942033833758,1.396132614986073,1.3216786259368667,12.45763738099176,0.9238577948508868,0.4280724605946535,8.327668129098203,1.3725832043031014,-8.098394581312833,317.09191817097627,0.1384815625417466,100547.28456934913,0.164830201392195,1.473506651958104,1.4083918221511744,12.45763738099176,0.9978805132020688,0.3920362531187031,8.324452835900528,1.3695224034042452,-3.6105452988169233,315.1026642615344,0.4208423972232511,99289.68902471729,0.0732416552249216,1.257805853449745,1.1814076900866963,12.45763738099176,0.8202047360922995,0.4960329745991042,7.681504416705784,1.3792367417742728,-4.099318804040326,427.8504184502465,0.7508700621453981,183055.98056805105,0.0330838365895566
47.98041425314753,26.821218464545854,29.923119440625516,101.0812596287392,130.8001434392732,97.60245264493072,117.41979225633742,542.6356413742549,52.6492945284067,14.346034758770266,8.96187502454841,23.3936310292999,0.0370922363304205,0.3639224333540959,0.0820232473695847,0.3832042407194383,0.6837325449897436,0.0873103029411516,2.1782847817256266,1.3213553882982016,6.829902616541257,1.0346915275138329,1.1864707476850394,0.2430036335960037,0.9108367199176476,0.7459004559288442,1.2351199399172113,1.0148277568638568,1.0156628266563772,1.0114342902041806,0.5514580813985687,0.7042717666054009,0.1793899782862813,2.0851797253504483,2.094918435334335,2.0030910047343267,1.22818643313254,1.1603082481696343,12.45763738099176,0.8143908743022521,0.3360707368887548,9.482918913171424,1.3353246878995724,1.860468483971551,376.1289672493925,102.41065411291952,141473.00000409456,0.7969901604934577,1.2087772128761354,1.1474325536922898,12.45763738099176,0.8202646264143322,0.2258782074655307,9.923429951336855,1.2850444319657846,2.3638898860381445,415.5968506420842,217.4142040624617,172720.7422636189,1.2824596255747525,1.209640734372582,1.1494666731603254,12.45763738099176,0.8037244050186476,0.312635651648355,9.40310022830967,1.3477891136948363,-3.8712666021529216,432.578970940882,74.2531589110877,187124.5661002724,0.6652674918438328
44.159879125241886,25.474156705095997,28.367169764596618,95.95012043090168,136.29136277526078,101.8264700535132,133.1014249678467,653.856464090795,45.37025428016894,11.590557637765498,7.653193802585854,23.277043884809245,0.0321406529337025,0.6771662737227805,0.0287069636097635,0.4861131293787241,0.7498187428061552,0.131765182482715,1.7691139486612908,1.2090820846870705,5.672797204448155,1.1238623414849958,0.9423682380740616,0.4056582283228521,0.8504176428233652,0.6509277133736608,1.158057827127983,1.0150518748381998,1.0160045122126438,1.0127127054571448,0.58467844774788,0.755209661674345,0.2281131822652713,2.110451026664017,2.116263027526778,2.069190945740924,1.101702715540222,1.0412202436139684,12.45763738099176,0.7455778157103692,0.2192500842298154,10.033654207919446,1.2602205423024735,0.9014857578402912,443.6926011289943,117.3328734594804,196863.1242966128,0.5729523759597703,0.90744189455129,0.8437775341309391,12.45763738099176,0.63445898113208,0.1094169959820118,10.193459456460117,1.197736822517319,-3.376354517297033,615.270569176339,230.52868239076776,378557.8732945762,1.861806232941262,1.1549674616195422,1.0925207224298286,12.45763738099176,0.7857985141969316,0.2114048564362703,10.04094345488047,1.2637605776862662,0.7041723741633135,463.9586258738652,101.3506505886901,215257.60652276527,0.5794482122410748
96.76702721159307,26.781199640992725,25.4040978266152,94.09725825034286,160.6853546335529,108.0586206999142,127.03616330362698,504.6840274604891,108.6030978422692,17.82165604549054,12.269220086285731,21.702364290546768,0.0778893354501005,0.4057653505701809,0.0657715472908767,0.2487231205680141,0.6470997333820317,0.0909806373005132,3.240480319347772,1.352542752775239,5.789896664713129,0.8039198986373454,1.1502283433327016,0.2856770419206828,0.9818572082930964,0.7078545212879961,1.1761691384763666,1.0148726062331443,1.016175075314112,1.0117014982121453,0.5270964794090737,0.7219892953250336,0.2281131822652713,2.0096736240560573,2.07103311387612,1.9887186391766996,1.3068599588962888,1.2367491093616878,12.45763738099176,0.8718608066980652,0.3060945301918121,9.502619771810624,1.34201891866061,2.908505682345236,350.471506486765,101.00356658178156,122830.27685910258,0.945904973157698,1.079677671455571,1.0005207680966497,12.45763738099176,0.7269399372768618,0.2001429086299996,10.011640187316797,1.310815778261319,-6.402969006630261,505.35027542170127,352.6626229573626,255378.9008687893,2.860733056243916,1.2076067616197927,1.1368535933655926,12.45763738099176,0.8015642408020955,0.3235935630502701,8.417550903410712,1.3739848242739414,0.2834686927551146,447.8761644693017,25.581471536647623,200593.05869973305,0.3470173817119777
49.514108624407726,30.887556477588976,27.34132019318621,82.39953019324581,112.33102073359588,97.25152699541476,88.59688155219553,286.5186228838446,44.89927424995413,14.444518329972157,7.676714399345352,18.6380162722967,0.0380260074348531,0.1789610208312838,0.0402588632838465,0.3041927937589024,0.5240163351890675,0.0935732525864331,2.561759081118708,1.5840143695971154,6.306079099215112,1.077223330785638,1.505684794763643,0.3460938057602256,0.9263785844558337,0.6962370550929493,1.1738590430165214,1.0151115852840948,1.015677698097143,1.012128074135178,0.5248817883191196,0.7441362062245745,0.2236838000853631,2.12677050213934,2.1042306454804818,2.0723020380326425,1.4984554571158624,1.4382635391233014,12.45763738099176,1.0200584809551947,0.3522706115954686,8.910556774657667,1.3501749978204796,-8.245646349851441,276.0412619952672,0.0862838961761411,76198.77832393972,0.0800560647838486,1.570220959700828,1.5276812783767089,12.45763738099176,1.0917149513686462,0.3239752267576135,8.851077161063943,1.3446089401899048,-3.536414003321521,273.8333718148831,0.034874640802839,74984.715519508,0.1028814847726348,1.3968675854485566,1.3267154211792287,12.45763738099176,0.9291246842849432,0.4154659984987458,8.457816944561966,1.3687146301856836,-6.313929339005476,361.1041478125046,0.5487508792195062,130396.20556739518,0.0312881554472525
50.220819322444925,26.951411431434902,26.758157144488248,77.18452204503295,115.60726435837752,85.15370244148565,88.16863362831033,269.17600121256964,43.65448108566554,13.917610369781126,7.900108424805575,16.847144686703878,0.0497512067261164,0.2373025065483917,0.2047312568675192,0.2654487550233486,0.4521101560503835,0.0526662560577691,2.9014687303849485,1.8193105923054025,9.009986571592185,0.9671246977353114,1.410033835225561,0.1272779261020687,0.9757492400482723,0.7804455189392637,1.249940559378667,1.015029477527435,1.0157148705065793,1.0113960799375188,0.5049495685095328,0.6887689289757223,0.2126103446355927,2.098171153653837,2.129166367392653,2.232411353162787,1.419321837253865,1.368085651146834,12.45763738099176,0.9516530480409569,0.3928865684009976,8.484836441011653,1.363773874565056,-10.198550233761154,303.560392223854,0.0518687161764246,92148.91172710006,0.085436688590722,1.5390103863799842,1.4999848308220494,12.45763738099176,1.0601557867965552,0.3739369831273724,8.75700693228182,1.3495516691459035,-3.0750209356597047,284.1519702297149,-0.0107411286577785,80742.34218542877,0.0867107550036841,1.1696406561293924,1.094278628865768,12.45763738099176,0.7546236872408512,0.4163102125404062,7.058237906886295,1.3820035807984494,0.1047784152691979,486.2443560977002,1.5043421218251876,236433.5738368671,0.175455089751871
58.8972486571502,26.129353206998488,27.635799575131585,81.98551775159108,129.27675317493225,81.5731783657108,89.05019752645504,284.3633901694332,74.41828093710384,15.860097821728376,8.342399840679782,18.61311534706928,0.0686079670416234,0.2568686335156874,0.2475910730062233,0.2310641013731589,0.4346307694375905,0.0608411785067693,3.2858272194113023,1.886130607296396,6.396383665041111,0.8457908391853568,1.3801581508957943,0.1171020326475618,0.928076526398693,0.8131623180310927,1.2758730540793894,1.0146257748804344,1.0157743279714793,1.010652926098524,0.5536727724885228,0.6466897982665946,0.2081809624556845,2.062493699811175,2.072626065491591,1.917152428023129,1.4212649465199574,1.3716463085552344,12.45763738099176,0.9516738491068564,0.4016857720519878,8.595457621389547,1.3659700472070184,-5.453140830329134,304.5324006076381,0.1034309137619966,92739.983019851,0.0827448461163297,1.373548819549543,1.33463951893165,12.45763738099176,0.93317599796617,0.3750647690193276,8.16177736845826,1.3814120603765792,1.0179275991076686,346.3596960859025,4.48229789442027,119965.03907271876,-0.6176284478494684,1.1561988397544312,1.0913219190631154,12.45763738099176,0.758534121091893,0.3723971594954738,7.460844816759005,1.381678120991214,-6.798975170609779,486.0824115754825,1.75471854514824,236276.1108430368,0.1604662521296165
66.68057111371749,30.617255766563865,26.39236895942233,81.09383604312734,132.53343188459496,91.39639537437482,86.63810755301881,282.61574505149656,115.40125584249438,21.050760614517333,10.150950534457472,18.82314867772484,0.1268602990277618,0.2646954474531094,0.4134270653219697,0.1709809353146259,0.429496156406243,0.0616696934288396,4.392977375745069,1.9173755195230255,5.134575832629545,0.641353966727211,1.3454348864123482,0.0949045388364008,1.0269855352656685,0.7677612448002985,1.183241075918035,1.0148651322340498,1.0158040482215318,1.0106452460757114,0.5005201863296246,0.6754807824359977,0.2015368891858222,2.004709595272625,2.098717610274152,2.0877086286262148,1.3095282426768922,1.2338961763254952,12.45763738099176,0.8630557085614621,0.369233702803125,8.121441888785538,1.3788002729092272,0.6341218769607764,352.18834940661515,1.2252934939240356,124036.63345775602,-0.0282882353539224,1.3301447283368,1.2679611931606274,12.45763738099176,0.8967520025647591,0.3639035833772893,7.662235360948296,1.3770638961828838,-1.9051910495314672,368.42740328272896,4.334840238954907,135738.7514896546,-0.3294208316519005,0.9967499549509804,0.9224671816001352,12.45763738099176,0.6547362149924792,0.3077613151896886,7.10499587932244,1.3852139487951625,5.528429685790961,595.5508525696815,8.74189694022077,354680.81799647457,1.1121662366630172
66.9226972151716,29.24516148355189,28.953232140807,79.00193329513046,140.6927079056224,89.00614779549034,91.34922903737088,271.78387869822313,122.02836381534212,20.63726600421168,9.779548037100518,19.81399538711432,0.0805710345786048,0.2678942579008349,0.4337513670216315,0.2119188792870936,0.4239208360018142,0.0569060208527962,3.5811551795226286,1.943766645835225,5.8100030797228,0.7864103848307156,1.3110733313753355,0.1039796978165489,1.0163737871147065,0.815547933068427,1.261785030054694,1.01494732652864,1.0157966186889509,1.010537685632518,0.4672998199803131,0.6599779448063191,0.1904634337360518,2.029915261628237,2.0518472471044578,1.9420098452695933,1.2952344886395153,1.2029050048878551,12.45763738099176,0.8469396952513957,0.3474074096287695,7.97954718962746,1.377630223121702,4.943089371462794,355.1755360876497,1.201071120237974,126149.66143514932,-0.0229678373415261,1.5182525296453209,1.4580727396747493,12.45763738099176,1.0368631684280898,0.3756396945423995,8.74265887479526,1.3549263178185624,-6.141652672443794,287.68744850715643,0.2577312385488919,82764.06802855778,0.0415239925256301,0.9689742448231358,0.8883396377126505,12.45763738099176,0.6368947665475496,0.3181003041878252,6.652443141885678,1.3846388805400314,4.305110031479243,607.0844626945193,8.618189358345974,368551.5448450932,0.907638203133356
40.72188710868082,26.96302893981829,27.534720161856946,80.35900542314562,106.2811967882496,84.67114881074039,90.15867348225254,274.54179991049284,41.996318781546215,11.066483065431724,7.400406684240709,16.81574692619197,0.0262181127091451,0.1680960741990353,0.0335159728791373,0.3677550185517164,0.5297998150787695,0.1069754593141703,2.085185331836311,1.5366470209946068,4.935849647018028,1.1946629434019838,1.491796354796139,0.3465023617911663,0.8614911644539214,0.6695172116642433,1.105801848565249,1.01494732652864,1.0156330795268305,1.0121584989434902,0.5891078299277882,0.7397068240446664,0.2856951506040777,2.092483916346761,2.102983062966929,2.049964258362372,1.4897995638693722,1.4313517436952523,12.45763738099176,1.0219539132379771,0.331417722091846,9.18727936247954,1.3372748277651354,7.345309051701002,264.8609971971805,0.0790349032638695,70151.3478362849,-0.058200465441461,1.5546261764191511,1.5184092669413976,12.45763738099176,1.0898577341203883,0.2842713869672742,9.075097378916071,1.3295258780952262,1.2440289382509953,261.7653381166068,0.0857808436533358,68521.09223930146,0.0116058212765485,1.4582380360996794,1.3994976642803802,12.45763738099176,0.9850531474882936,0.341149039931196,9.049305189102766,1.3496130653718028,5.676704515980646,319.8606896743788,0.0539468981713504,102310.86079896922,-0.0850700733723508
62.1643230032588,26.879118820610387,30.242474417105274,97.3417394121791,201.32434895403827,145.37302789460222,188.2870004951966,958.250243140388,79.33205801449492,14.982352553007155,8.993457413157532,20.424334184956265,0.0507663449415198,0.5210886384147093,0.0587594610773509,0.2997384150314726,0.7103165018709389,0.0916331367085534,2.653857279116125,1.2753240071057963,5.866166685153362,0.9729867257198812,1.0413228995969197,0.2945314880261078,0.9458724481818912,0.6945079224000681,1.169024770272311,1.0147305389485486,1.015700002604174,1.0114801300711582,0.5403846259487982,0.7264186775049418,0.245830710984904,2.0526360567905573,2.0832375639496354,2.028769253260198,1.1599582867894505,1.0896193120259337,12.45763738099176,0.7785729174399522,0.25344620556892,9.898834476988675,1.30891285684377,2.2305951297754376,415.1101216169793,185.38589468401756,172316.41306886336,-2.2222060980055223,1.0313251398909764,0.9692329307521352,12.45763738099176,0.6997057801422859,0.1740685835001205,10.20453450722928,1.2599610836233752,-1.5047589436997342,520.757118367737,353.4662372577169,271187.97633066925,-0.6526108259762986,1.190238520864249,1.1171092264267637,12.45763738099176,0.7924378460343937,0.3031178719720426,9.724661942064609,1.325814233487714,2.6898268015484,462.41483495186696,131.30083690516202,213827.4795835624,-1.1627602394214396
62.384378872712425,29.730836152195323,31.28909352637318,86.43665873655198,140.5254851636123,129.08013002055327,161.5668669057793,667.625133747391,80.66364191740482,17.84801490275291,11.126292570634163,21.562084841222894,0.0595850922963592,0.7091626417117187,0.177133485016226,0.2609869470472556,0.648328143305232,0.076422195637452,2.91545380620986,1.3537167148733826,5.462440809226398,0.923255097950888,0.9422625981982536,0.1806382926966702,0.947258958527088,0.7706120305111827,1.1951588283460557,1.0146482302525135,1.015700002604174,1.0105530559980225,0.511593641779395,0.68212485570586,0.1993221980958681,2.104190338788805,2.135098477697991,2.1375334586030945,1.0977664010351496,1.023739084586073,12.45763738099176,0.729133139326848,0.2674584256514847,9.550277015459557,1.3445436902421468,-2.707096075308849,462.3286409420335,190.4075306360961,213747.77223530773,-2.037706237806329,0.9184698962228844,0.8412157260706962,12.45763738099176,0.618025131975716,0.1802466973205485,10.09259342685946,1.289389910931003,-3.580156306640502,627.5030957165208,471.1826881156842,393760.135133817,-3.817007318163927,1.085417982489739,1.006627688631339,12.45763738099176,0.7126153149836773,0.351718843029251,8.867278145010422,1.3669377571032808,-5.236088493115769,544.3196077921064,90.1217429202635,296283.83542695246,-1.4215993919412262
65.8905065067976,29.12585955061958,28.63755136905067,80.29125548205852,141.9661024759912,87.80385113981998,95.13648281034668,293.02749573678227,107.51068198521064,24.879220253466315,11.982679426097633,22.869385898490783,0.0906513167962775,0.7734384800508677,0.2008102178041921,0.239419033013467,0.6502211617489804,0.0735806570848279,3.368260679601168,1.361171943999259,5.9851526769656695,0.7567450047336919,0.875894689669939,0.1601774472196098,1.031310485062867,0.823416880353133,1.2418253727415465,1.014895026081268,1.0158189062270668,1.0102838534031835,0.4495822912606804,0.6289722695469618,0.1528136852068322,2.115621446149744,2.0987503514880124,2.0194921674527904,1.0431251158482908,0.9571715158638814,12.45763738099176,0.6878158657103018,0.2370812385046819,9.524891459328469,1.3363510107702756,2.416757864022485,475.7578737111269,172.6671315782707,226345.55439813252,-1.9709227009748256,0.8527074041263352,0.7601094070810683,12.45763738099176,0.5616161965399034,0.2043604262998933,9.824411240650631,1.3171649775865122,3.980808778990193,678.3393011964727,346.5362055871538,460144.2075477188,-3.1814878108208906,1.0350586290212371,0.9482735971718336,12.45763738099176,0.6751342796667332,0.3137142373415129,8.918987650496952,1.3600959893189737,7.306279835538717,558.1755458765274,83.7271412509995,311559.94001455937,-1.3173590731525622
46.271556763694505,26.155861844908024,28.399915207908293,82.15626522232719,112.42959411642312,81.00201462654145,93.42985006763206,292.24584451169176,60.64808591905795,13.234681341154824,7.631931409528377,17.711102544489844,0.0666330365903768,0.5428417460341771,0.0911701621935834,0.2783080626138054,0.6708342931693195,0.0719589275768797,2.970514437704802,1.3202703881360425,7.963114523965373,0.845849415322864,1.0096619063815606,0.2276206206249714,0.9910924078534082,0.7442893922836671,1.259584626910509,1.015074268933695,1.0159377194452894,1.011166619906256,0.5204524061392114,0.6710514002560896,0.1638871406566027,2.052039135096268,2.118192351605084,2.03466650095925,1.16293108659676,1.078701827060606,12.45763738099176,0.7595744569698863,0.3056008844517059,9.570193242099029,1.3200655502933285,-1.801806283413588,414.5708493846394,126.51092043455652,171868.98915950136,-0.0088836219939608,0.9564301561297076,0.878905474052004,12.45763738099176,0.6439511666491168,0.1739667830491274,9.8673964516068,1.2943003608309471,7.538874437521098,571.4867324406316,289.3009435611918,326597.08535567,1.2966012141355383,1.221803542005833,1.1434979672340433,12.45763738099176,0.8076788428813532,0.309301368879853,9.692418572838788,1.314040139140814,-0.5796398536747969,431.081817845833,100.09916292348476,185831.5336772679,0.5464607037831967
55.05189724933575,27.90567489781737,32.31336986107998,91.1824251020034,193.5466231167727,194.77685664513012,254.2521435153108,1080.4358116691674,90.21819282169324,14.508138946658718,10.022509772533413,20.423170722660817,0.0570193209702302,1.4910097678982597,0.1165898378828333,0.3068629922842255,0.7294288230991063,0.0774942030966297,2.647231720728767,1.223205174458349,6.623785647998729,0.9291516329673836,0.6763923676834727,0.2116905532769297,0.9680424518008086,0.7370994765945924,1.2301066178602262,1.0148800798740187,1.015625641859209,1.0106222037154675,0.5027348774195787,0.6732660913460436,0.1838193604661895,2.1205059763569998,2.104650210511433,2.061045820157922,0.8605443920678839,0.7913101569020842,12.45763738099176,0.5796310811096148,0.1796551401205161,9.908459022841328,1.2502845625753525,-4.639326760764213,618.7935926789385,179.3806685845164,382905.510340508,0.5572218269625363,0.6310343535886886,0.5703725285545749,12.45763738099176,0.4379921509478244,0.1128383967327584,10.154894106335668,1.1595173365392863,-0.0045880406267855,960.807642778213,276.98683227086485,923151.3264210264,-0.1771216041588371,0.946882371802106,0.8779106735216743,12.45763738099176,0.6281658705976108,0.2403897129232921,9.793450642526173,1.2768272482533187,-11.15753313358811,632.7194041773541,141.2492900636444,400333.8444225461,0.4620004858328579
53.34565691963749,34.48696637728263,38.46495495645826,131.83678144961397,291.9129073699801,297.6011213303095,387.453873500931,1674.226464299786,80.84040447210177,13.580527702019593,9.414175425275191,24.346193467150105,0.0732800322507636,2.231114707133949,0.1337421451096667,0.367054168991895,0.7175320565683824,0.0843663991401951,2.275924804372415,1.2318650997290983,6.228516357392282,0.8295087512593197,0.5621504100518182,0.2086634576550661,0.9404096265595976,0.7512575050200566,1.2220827406330226,1.0147155769635774,1.0155214773062242,1.0102376572026588,0.4983054952396704,0.6422604160866864,0.1749605961063731,2.0870993281394155,2.083132526441607,2.01409052272984,0.7112884342797376,0.6530663976943352,12.45763738099176,0.4842070931990083,0.1466496946165331,10.048494017102804,1.222620456080712,2.6141508224797505,779.9204966049319,212.50855070029695,608275.9810244837,-0.063465525007702,0.5496125864556947,0.4925019419969342,12.45763738099176,0.3855163250306514,0.096577758896495,10.143122125259875,1.167697458519119,8.355057659229036,1126.2959367583885,260.7531626050764,1268542.5371584557,-1.139171424249647,0.7629521665550478,0.6977482616945245,12.45763738099176,0.5085364316633605,0.1784556622900622,9.903842377386402,1.2675500589833666,-6.20661021243734,834.9042916881036,180.02823254713795,697065.1762792141,-0.0188261466207188
73.74826420456336,32.34962930995111,31.66883553894712,104.97552469499983,160.05244398539733,147.55837318703271,173.94365605816273,674.4191047337531,101.17084675993186,22.45844240408119,11.645388875398854,24.220073153290635,0.0573708399035667,0.7797868777385719,0.098278738211641,0.3527339361665503,0.6565696219247943,0.0910912398617104,2.300927773631708,1.302310088573738,5.540551898457218,0.9223833612656288,0.8914598057325885,0.2291136287925924,0.9328615153032208,0.6954671662705383,1.1882657427823031,1.014363556144394,1.0156925681223263,1.0105223137367574,0.5558874635784768,0.7109158398752632,0.1926781248260059,2.030967959078735,2.069701735691554,2.0006581319847534,1.0160609403407483,0.9461731029723148,12.45763738099176,0.680795815803187,0.2041379553468386,9.998828090682018,1.3022866650391551,3.36044819844539,505.9376809180334,356.20922769057603,255972.93697271775,3.90333046753583,0.8984061046601055,0.838863128199626,12.45763738099176,0.6187000823050686,0.1579038169445054,10.333659107001822,1.265107460848893,1.7799867582860855,629.8857375483725,559.1216139621029,396756.0423668572,5.173194112827748,1.0369181429077416,0.964794101358588,12.45763738099176,0.6916722221717244,0.2398999195768981,9.899356656193724,1.3156546374319158,-1.1555165363266795,564.9756685288157,287.8436521199735,319197.50602958223,3.208642251466855
50.05628876018447,26.72168336556237,28.75212049116692,81.44699528028673,111.91009351933876,83.81326345567865,93.47047889414874,277.6940921133156,66.23698160853542,18.099398160582812,10.521940373251756,19.637576799881657,0.0709569808203661,0.1877774712169959,0.1633712238175386,0.2910768271767688,0.5063448023285133,0.0719630451494352,2.814917895796827,1.62278345444319,7.471166232519669,0.862018426740489,1.4735345366807906,0.1857362309702926,0.979867567033852,0.7197883568728146,1.2632436193086125,1.0147230581355782,1.015766897025614,1.0103377314970137,0.4850173486999459,0.7330627507748041,0.1528136852068322,2.144317447513639,2.094830628532685,2.084935171306151,1.3301103055767696,1.2627120869501756,12.45763738099176,0.8813765180079611,0.4532731510637337,7.873212038014221,1.3758230703353105,-0.5921156102012404,341.4714227489042,0.6535577917511515,116602.73255416086,0.0082799442687892,1.4540188177543936,1.3882008258021834,12.45763738099176,0.9883827303838186,0.3778243091342461,8.419080727882484,1.3649699919868217,-2.397308128722905,311.1867086285631,2.011142638481446,96837.16762707822,-0.167618496436453,1.3661250262985196,1.2968556743215405,12.45763738099176,0.9072980682093268,0.3951838512597723,8.305165437787027,1.3737696902999823,3.9940670822136815,373.27063854647344,1.1509755132564052,139330.969600892,0.049408875634574
49.67528065331017,31.98115732853329,30.63198412700533,90.34849319785434,122.79653447889652,96.5370597011277,92.01318874635189,271.33848172423154,68.70509928936313,18.14437575943539,8.416203928069313,21.00304888932393,0.1260226237821447,0.1924346233997461,0.2785846423108234,0.2181635368917288,0.494926689686905,0.0785659580787132,3.7017040512909287,1.664266105475559,5.414218103307181,0.6544032851970589,1.461269479426628,0.1354342300057233,1.0308295965013163,0.7092422154172566,1.2358519016582057,1.0151563531263157,1.0160193511750972,1.010129812246812,0.4783732754300836,0.73084805968485,0.1793899782862813,2.126090760106051,2.103149522014772,2.112587918583372,1.2700814512925804,1.1926882483384509,12.45763738099176,0.8319620656780701,0.4098010445967106,7.806773286867871,1.3774768022986366,-1.0335978170579292,367.9790178494146,1.140643820712234,135408.55757741982,0.0598743053233734,1.373205095029495,1.300880634267696,12.45763738099176,0.916546636632824,0.3601537853093961,8.047610912701298,1.3757032005233696,3.0102568041131903,350.2442212635188,2.0051278026186434,122671.01452848873,-0.1536370368927295,1.1893750707631985,1.11863266362071,12.45763738099176,0.780173085260571,0.3521537073525083,7.737834218727483,1.3803687018153576,2.135967707699919,462.2310975844397,3.2657832536756644,213657.58757411584,0.1125681036158799
65.3225238660801,29.307747092502908,29.43516512561215,79.97437391887789,131.45347436222747,82.52441818600516,94.94081778774378,276.376852535446,115.4326276195096,20.015254084441228,10.385377437608383,18.76870303737117,0.0972347993243798,0.3541639334593622,0.2188299407893736,0.2064576059844575,0.6426943595609902,0.0806619470661018,3.714742995633473,1.3855066566137972,4.425490191911137,0.7226780786844081,1.1901166797709923,0.1374030369759481,0.9986920203574344,0.7241793101843647,1.235410408650329,1.0151861912201416,1.0159748300615394,1.010437740940712,0.5160230239593032,0.7131305309652173,0.14616961193697,2.000514459237113,2.0998837102431467,1.9724444832482784,1.2207961245199177,1.131556095786464,12.45763738099176,0.8014452071987049,0.3336045841322063,9.122342895130066,1.3606187846922255,-1.340943553515915,387.7498376881293,50.01628123404571,150349.93662717065,0.4321566903306508,1.181171495343508,1.097647459499955,12.45763738099176,0.7756829956385446,0.2876441362938614,9.56824143242411,1.3443407264381335,4.272098092039325,447.9792934741623,133.55746871205517,200685.44738160967,0.3517213169648919,1.133846502563712,1.0414630341471165,12.45763738099176,0.7458281423968612,0.3356293541029942,8.55700986159041,1.3737760224225275,3.1825528242265424,495.543924260728,23.95312578656436,245563.78087172212,0.5455061285928802
51.20844207202416,30.12672191607676,30.39984406221553,88.09839260208523,134.6041445530484,113.78378158204832,131.47149169726003,537.372615497806,52.24643180281521,12.10147481374215,7.129411611749739,15.917401195277227,0.0301635816296097,0.3445434273134413,0.0505941043278898,0.3597704023248298,0.6487355532979097,0.084070889414034,2.1727524419009305,1.3707134979247366,6.084339245539108,1.1338295976643262,1.188328210204195,0.2575054012038292,0.850917179870061,0.7307863968609847,1.2230348308121357,1.015133970810849,1.015581008414449,1.0106452460757114,0.5315258615889819,0.706486457695355,0.1816046693762354,2.099064648230819,2.0816280869779837,2.04955137081089,1.294678270648391,1.2214868491939437,12.45763738099176,0.8660838369470095,0.2675506898022022,9.760893177647642,1.3310298222680603,1.859108464685132,337.4045929356069,86.61249255976217,113841.8593340426,0.5415479058008444,1.2068339614686874,1.1228015065642272,12.45763738099176,0.8012617736303128,0.2572485389071707,9.824446856797664,1.332958850275511,0.0113505021422284,416.10373120322976,179.5154791722909,173142.31512124967,0.4409373566751478,1.2929230154098832,1.2084751369918876,12.45763738099176,0.8591724485656624,0.321619270578648,9.485059413885171,1.3443577203106671,7.760745450705546,395.2786816582161,54.60132561601253,156245.23617345735,0.9074466660669508
99.80611616813276,38.48300919865919,30.521716717435982,78.51422551301349,145.5482370136479,84.84096606008151,89.02052808540057,267.3142754824001,101.98733186661708,28.62285097325964,10.077654818977642,17.121093775176192,0.042610171710669,0.2190406086474524,0.1141417631253755,0.2852265879880714,0.4521209624453007,0.0735832589128675,2.6603842982843844,1.820551819990554,5.576969971493201,0.9865766881899672,1.3793272893468038,0.1614786874068467,0.9117061644709938,0.7921831127117276,1.2449427190318632,1.015029477527435,1.0158560450615917,1.0106759638757816,0.5448140081287064,0.6732660913460436,0.2148250357255468,2.0579739629864706,2.075968188204944,2.0038799405822685,1.3932789968420125,1.3176333157912947,12.45763738099176,0.9307042996411924,0.3723237716018109,8.509778593943588,1.3659664673704004,7.16665193671755,297.4534403822603,1.3603764789212844,88478.54919524289,0.0851009004346141,1.3114931730885084,1.2196658204379658,12.45763738099176,0.8630221134024779,0.3290098057711104,7.484564103951427,1.378339127895616,0.4098999436062271,367.1322685488689,2.1940701491605603,134786.1026098388,0.0052101087822483,1.3981282032416034,1.3247071689188794,12.45763738099176,0.9317824010349448,0.3570095735194276,8.678475145567889,1.364900553361453,-2.970631468455391,341.3400531705488,0.598524798519688,116513.0318984731,-0.0129139840109364
355.2552178614474,65.74533300077451,34.54183148040591,80.89051662899558,399.5180949067258,134.9285704927966,99.47693926541729,277.4913895650468,1705.4315650723602,205.38938310864324,53.866800806092925,36.40949047643431,0.3157416149693042,0.5832935383943705,5.875097025453702,0.1412290306169908,0.2959671275021896,0.098902364747908,4.1923744012243285,2.671904023818386,1.6410303565982824,0.3988628978216844,0.9732072862304132,0.0187263534572525,0.9622564957753682,0.8444860709672652,1.1535878541101507,1.0146706823896658,1.0159080246073204,1.0096435744523828,0.5536727724885228,0.6754807824359977,0.1793899782862813,2.040774493580176,2.05608596913021,1.9784331766431609,0.4816965985821559,0.4070556295878764,12.45763738099176,0.3554584186994685,0.1217031932571819,6.858621267469247,1.3858995289969689,6.90994376431539,1144.3557558127804,40.645130898004815,1309550.09586184,-0.6105975961339469,0.8634355328927086,0.7749884583059358,12.45763738099176,0.5890975370500788,0.2013632736052527,7.228437682497077,1.3850067378240984,2.2692108758815905,647.1310686994902,30.78091199702241,418778.6200761444,0.2940531407722925,0.5675949604376833,0.4930536173900133,12.45763738099176,0.4035101692624475,0.1468095611920183,6.865314698971029,1.3860304627921467,-6.363452020802264,1137.9903903589752,48.51537036893469,1295022.1285493728,1.352954843015454
94.28807830454136,31.161016464137735,30.681539385530023,85.5296889334516,164.8701023216235,123.96648254074267,157.2421338074629,734.628289572345,149.21999560963337,18.505721016987906,11.63662255504974,20.3980151080319,0.0931544039408118,0.4320943977265414,0.4169053813735088,0.2116214827355286,0.6116222268387467,0.0546288655185407,3.582487414558632,1.456125610841621,6.322648208945873,0.7557959501305687,1.1212289381808502,0.1257035131207101,0.9759945611454216,0.8052310471070665,1.3009636626669012,1.014655714657613,1.0157594657263287,1.0089462760531789,0.4761585843401295,0.6688367091661355,0.1572430673867404,2.010862599207424,2.0587454958043208,1.915727806842716,1.0431755466086927,0.970703481239898,12.45763738099176,0.6872080886332166,0.3195129995057342,8.089821036527177,1.3830533428085108,-1.2150109783804588,487.7067261021418,29.167963538773776,237857.8506852695,-0.1464483522050912,1.1276903535794145,1.0585376552639856,12.45763738099176,0.746194251336975,0.2608987285417041,9.732961147903508,1.347162842478108,4.976115480504575,466.9413120477245,170.19259673469088,218034.1888968504,0.0875013644372745,1.0914151398032326,1.03333107153898,12.45763738099176,0.7173179614819143,0.3425559033527864,8.32706089425624,1.380748310052863,-1.9893327030542347,527.7791991890624,20.306272621908565,278550.88309664803,-0.3224896528062581
67.54591992971208,33.62631524435683,29.9289700815556,111.71904371463128,151.70141840546648,97.24883714410184,95.24986184776188,389.13540069257226,110.0297846910036,20.956778539505876,9.05110908489754,23.977287983059004,0.19445739074418,0.3755389988131,2.888730573513323,0.1851993103104744,0.4647727904013461,0.0911229372135365,4.030086095187988,1.8546147418496708,1.8427166943503763,0.5645288366561122,1.2212038744810405,0.040441543129995,1.00188358701918,0.7794648570765819,1.157449985383161,1.0144984666147987,1.0157148705065793,1.0093185614902735,0.4584410556204968,0.6754807824359977,0.1638871406566027,2.148425432960824,2.122702974871767,2.3541364791325314,0.7221407703906517,0.652538100674284,12.45763738099176,0.4948106783371738,0.1924557239153791,7.214517420333657,1.3854413026144217,-25.442108912274943,811.5694091140866,27.826123427427515,658644.9058097877,0.8038050356935883,1.234636856196755,1.1873188693691168,12.45763738099176,0.8318547170859563,0.3467700364313886,8.710149302034786,1.377349731854407,-1.7766923325034585,423.44117073801687,12.89965108738268,179302.42507598235,-0.5277010113003417,0.8689827411618198,0.8001534872585286,12.45763738099176,0.5778909876387966,0.2927677431216227,7.45052427317861,1.3850913903603947,-15.228932336464958,748.7586199283434,24.287176704079783,560639.4709169973,-0.7927502991791813
133.81076660735164,38.86302379369568,28.502908009479,81.12209081725241,176.3747868733816,104.10882743460344,92.34164437744924,277.88918390974186,578.0893933734415,87.88750879546288,18.825349397370285,18.32017649701277,0.1736611932906206,0.3124615148969445,2.859556398735416,0.1669698451091556,0.4023587003115899,0.0910302543433572,4.089407780769169,2.019584270036769,1.7484138355392915,0.5763417844371951,1.260046289965271,0.0319618562927238,0.9849866270152824,0.7828722529267339,1.2258180247749884,1.0147230581355782,1.015789188803108,1.0088219804730891,0.4894467308798541,0.6843395467958141,0.1350961564871995,2.001667469447108,2.067246882771963,1.874063881321009,0.7134856789196653,0.6375057828621532,12.45763738099176,0.4898478215163629,0.1698504856902895,7.0826646954006,1.385656046103654,-17.377475486234633,793.8615272668097,30.35981710800651,630216.1244743917,0.8550220707957235,1.2835052831264937,1.215484738603895,12.45763738099176,0.8616042210089854,0.2611758391601577,8.240053454004578,1.3779982752464697,7.664175273498252,388.053496436074,10.104028101595134,150585.5160962621,-0.5373726984770554,0.8794397515389196,0.8010128583258449,12.45763738099176,0.5869536241116325,0.2604382717853182,7.252289973996777,1.384876103851192,-12.682094873076608,711.4898025785119,29.58605315174424,506217.7391732098,-0.8731650318751473
67.15211435394204,29.96463873855852,27.62658759961549,79.82710696974185,145.1771192302847,91.68174968463802,88.49599737974091,275.68593335788535,82.69859488158697,15.347848079187482,8.583440846034875,16.409974538687546,0.0720701405580432,0.2393376305028095,0.25075830110761,0.2818985963535385,0.4665244299422041,0.0803029857308616,2.2510335793901657,1.7392277174993294,3.8497224815355593,0.8302564618220288,1.3779218885641946,0.1333170099749432,0.9136405034484008,0.7304353598579671,1.1555905061131704,1.0148352326546597,1.0158486180007358,1.0098675887027473,0.5270964794090737,0.7087011487853091,0.2037515802757763,2.1133691663605174,2.0974499489924168,2.091485734998319,1.2988606778378493,1.2240389263161042,12.45763738099176,0.8685266019277333,0.3307163549211765,8.59245990512773,1.383797136021956,-4.175025321915651,349.7424472439833,17.135005023436257,122319.77940421044,-2.1248344144017883,1.3207939804845807,1.250052378000179,12.45763738099176,0.8872990802038516,0.3047612867758469,8.97214495763275,1.2946895994367074,2.641893454908248,373.487729398657,76.81469350798854,139493.08401136444,-4.573300767277377,1.2590512437072396,1.1794788886369283,12.45763738099176,0.8319361210652364,0.3477702693830167,8.435216151510389,1.362514800924341,-2.9168872318721486,427.0223079753984,21.032862680167856,182348.051508636,1.4410804856981776
524.3289093851195,146.7889628046504,64.97680296819686,120.33010577394352,410.4312688657826,239.8266790248891,297.42151163963854,1346.2976730093876,303.16516431461787,45.01475426122775,17.22205970507631,31.34409760921571,1.6275833416605028,2.093225228554207,0.6324327718846947,0.0947480066609483,0.6220474205348907,0.0691622693542815,5.639656928377673,1.4289765797401792,4.157150923893146,0.1439737942175835,0.6028280764961458,0.0851035019419625,1.1935207542478334,0.8994894434693751,1.2503740902516618,1.0138453137476018,1.0157223039272163,1.0095739865240476,0.4318647625410477,0.6112547408273291,0.19489281591596,1.860420876270109,2.0034422410304518,1.8954973959794672,0.7397195454011158,0.6620949479958299,12.45763738099176,0.5012876030298951,0.2282727289188139,9.147689331791092,1.3581602012568963,0.2718622803757426,786.8276624245597,99.06109436665966,619097.7703564968,-0.4070422742715852,0.4275240101102064,0.3407739211179814,12.45763738099176,0.3097103369634896,0.1761262705842025,8.070054809449411,1.3767818592808083,-4.038612379366436,1603.4394208145054,54.443067675894994,2571017.9762219563,-0.4988784116374351,0.6039791029647175,0.5171824895087336,12.45763738099176,0.4106852422464008,0.2338922980302747,7.5334750607997885,1.3823880796093824,5.673528690903197,1180.2036653535176,23.79465286177965,1392880.691713878,0.2937644017418138
87.20542092467929,36.94006250169204,37.53410984228843,165.44153909494594,269.1465624362548,241.02090081527388,294.2077707175667,1496.261956614684,181.58213336064125,31.643183219127216,12.35531086895296,32.2380255757585,0.0779755172904622,1.3602591351092987,0.2083425667363048,0.3305327977859577,0.7373411267457618,0.0908833841279597,2.557251495589619,1.2296413080904605,4.265379391216192,0.8033297810377871,0.7073694759826838,0.1239077940099601,0.971205759280486,0.7537844416495281,1.198930783069365,1.0149174427065,1.0159302962646628,1.010982806398997,0.5204524061392114,0.6909836200656764,0.2347572555351336,2.067435809510334,2.04750926189241,2.036314188125872,0.8673826876220949,0.7966642431332323,12.45763738099176,0.5911479145493059,0.1726030914786277,9.978712808956722,1.2863578361575505,8.725808115597438,607.3067041543964,163.14723472274764,368821.43291087553,-1.9605896203789612,0.6760818960085251,0.6123679626708377,12.45763738099176,0.4646293645465077,0.1278731170852446,10.145445114232087,1.2117295826093564,9.758662997591486,907.5085848825306,235.07371540455227,823571.8316354933,-2.1728289787902626,0.9171184208109516,0.8476700394051783,12.45763738099176,0.6136510933294456,0.2716195588876384,9.617506260877258,1.3301004626952868,1.2896586188858663,662.6763099072391,110.70745263322527,439139.8917122752,-1.3943724117626797
44.97681899553783,32.665511833286544,28.65730281676474,83.62360574302754,139.41123394557218,137.62527126492563,148.36162605181357,709.0092276820249,42.6902507356761,9.784676824594754,6.199325319089871,15.640685354814034,0.0610526299750803,0.3615947119822266,0.1812286915080404,0.2491206400884085,0.6287468708858494,0.0877011773343004,3.053914447514561,1.415283148466624,3.5490817224455817,0.8789161388726033,1.1952443255713154,0.1027652461883648,0.95257524185531,0.7246132852353843,1.1770495425015683,1.015193649852176,1.0162047194810908,1.0120748163422597,0.5027348774195787,0.7109158398752632,0.2502600931648123,2.069866501849472,2.083796973312359,2.031722616493163,1.2268259137069393,1.1511521111809575,12.45763738099176,0.8225501750361054,0.2300827496941823,9.236676242394925,1.360145384790693,1.7575969737796753,378.3593268683337,44.64578859980936,143155.7802282586,-0.5446832312516108,1.18524598549562,1.11938212047133,12.45763738099176,0.8066212497669556,0.1615640620516505,9.738957474303415,1.3335004958201933,6.382044554661974,431.5390361295731,177.54190033966103,186225.939703641,-1.028465897430907,1.1812683221327682,1.1069419668573932,12.45763738099176,0.7820791739276397,0.2725477001671205,8.517562289911815,1.372029165766313,-5.960141015664165,465.94237117718376,19.737452719533387,217102.2932582165,-0.192920483561672
54.8625214000662,31.78128288450045,26.467980081009888,81.22167862933816,120.80322267393184,97.27388688243568,88.18524634607817,279.9387929644264,142.7476697834922,20.245279717227,8.31798500228629,18.578191353684424,0.0296455444087206,0.1926801061203865,0.2608266689658353,0.3418206039997946,0.4957111088257118,0.0553410335566249,2.2516879958029423,1.6548387953545394,6.421056741956421,1.120916304396886,1.4488090980872304,0.0918229890459568,0.8590546576660046,0.7228942833065629,1.294048819201562,1.0149921415281646,1.0159599868722584,1.011457211835282,0.5713903012081555,0.7242039864149877,0.2103956535456386,2.062220805397233,2.076879264214914,1.867561226673004,1.3020787944869603,1.2364344354820491,12.45763738099176,0.8729430080708048,0.3691562141380948,8.165451202734985,1.3739764788724735,-9.427399245696002,337.20369393573856,3.834308312621993,113706.33120390726,0.5343784304547385,1.4708435428024649,1.4204096065502891,12.45763738099176,1.020648267027919,0.3178460837811205,8.575326982068939,1.3592780243096705,-4.143530912856734,293.34505937877856,1.3739639116380449,86051.32386193912,-0.0366517409155057,1.3593580843711015,1.2969002448205884,12.45763738099176,0.9104450291062148,0.3719569132590805,8.558184124326678,1.3682587327070834,-2.4500395385706,361.6110005909859,1.4459763969840695,130762.51574841402,-0.2365782557238819
57.2769873442083,33.05122748099723,30.991091272434325,98.80529896524412,174.50487919828632,140.19526985110974,178.53427036776378,805.9353060406058,39.06856503745594,9.53825396214138,7.129792042274621,18.30006370619104,0.0369014702719054,0.50664839939732,0.1214534395895221,0.3617277513311077,0.6722577978620918,0.0695861908541665,2.2015833016472106,1.3054889112710777,6.623620424714495,1.0774578388630291,1.0495076517006994,0.1614828255638501,0.8782201013237294,0.6882657320774312,1.2231815174709706,1.014895026081268,1.0155512456969034,1.0116175682528896,0.5536727724885228,0.7153452220551714,0.2015368891858222,2.093694590295223,2.103862716193701,2.1703387279857,1.1968649412543062,1.1325454750298591,12.45763738099176,0.8026330748893469,0.27654954107058,9.585231661207883,1.3402656464436618,-3.059551050825828,392.4678640897101,142.85897801468326,154031.02434313917,1.0977093596764809,0.9903515738107432,0.919697818802806,12.45763738099176,0.6782458344562247,0.1445015752634,10.297345573484156,1.2721056140696438,-3.047743392126682,548.5458789014833,506.93353132064095,300902.5812598008,3.07738196168855,1.2825450378653,1.210234509608585,12.45763738099176,0.859053161932648,0.2714360235728806,9.441967279953616,1.3427163584032629,-5.061965082003468,405.4839558586024,81.5601646096422,164417.23845874105,0.5117683037275989
44.66691599191665,26.928464579563094,27.68943450939472,81.67181158351971,138.94129188049175,96.42902265334124,107.2240336548695,400.9821178366495,58.07851280680848,17.81215324509221,8.454303075772131,16.325477782739178,0.0518255731021708,1.7001158522573954,0.1533959230793397,0.3381516534053901,0.724432545887171,0.0683254835404205,2.4097970861736795,1.2244097995473495,7.271088893552562,0.9409783114538482,0.6317066824135839,0.1457940427240485,0.9280945910100264,0.7228634344162672,1.2290679939498768,1.014895026081268,1.0156925681223263,1.0108678118516714,0.5381699348588441,0.6732660913460436,0.2369719466250877,2.1025524120007355,2.1667819649209026,2.0107519158292444,0.8005646822296928,0.7284458746491274,12.45763738099176,0.5386145968504356,0.1512479517492407,10.15805535528297,1.2142728822549382,3.377439635061627,679.0266909558048,405.19637732236697,461077.2470303901,-3.42367320216823,0.6037781216865703,0.5375986683085529,12.45763738099176,0.4266254567977577,0.0733480200007432,10.299535521433471,1.1230611552700434,-0.3216901870296276,1000.114147728466,491.3726704032196,1000228.3084866356,-2.85801050550142,0.8796245939663425,0.8104189032463606,12.45763738099176,0.5915429846814353,0.1774600348282081,10.163688453048351,1.2110781902223984,4.706313690990903,686.8826710925251,396.8013947793853,471807.8038472021,-3.4123146094061694
64.76420126720771,32.91803619997635,33.670481730548204,83.11836187432564,167.74049167672024,145.86476152927696,185.26340692389573,768.6031036507769,73.27000861137978,15.384689562698028,10.418715686770351,17.87332053693025,0.0940295983384601,1.4124002951510766,0.2250800556907886,0.2306559234427031,0.7103080610682083,0.0602080249640389,3.368374437382748,1.2467505880459928,7.590429800205729,0.7389906840990768,0.6805872573361113,0.1324823046669187,1.0113240114229929,0.758015403156052,1.295331005795789,1.0148726062331443,1.0158263347000998,1.0101683369574008,0.5049495685095328,0.6931983111556305,0.1793899782862813,2.0658061932752108,2.0725132954487178,2.011014331628176,0.8430029442897138,0.7670260691938587,12.45763738099176,0.5604360689298276,0.1697802006915986,10.157600749891197,1.2594782560335902,-0.6446371113105585,641.5111443490871,489.3037971350605,411536.5483240753,-4.299970645814756,0.6805755368542252,0.6079265094374596,12.45763738099176,0.4648997697076394,0.1024834400865644,10.440423265958126,1.1904382441395285,-3.8359250296458782,896.43878196101,691.4330233234738,803602.4898037392,-4.667900184881631,0.8347737683140743,0.7554932572847801,12.45763738099176,0.5552422642997697,0.2276337089824547,9.42435129294738,1.33100838528343,-1.6977966617173692,746.6758614670691,277.8501232572995,557524.8420975897,-2.603265496140447
56.86983455980664,38.38341273883745,40.2895060225712,156.16159659974468,222.38769059067505,206.279070170728,273.6411487934726,1475.810543072246,61.62975936053169,12.266785753022877,8.44368724723882,28.57050923494574,0.0892095987220663,1.0274263571769584,0.1777263107341554,0.3004890128549404,0.7522352224749456,0.0681211247194884,2.758674592987055,1.213734024638116,7.64436468644916,0.7542708543853055,0.8012433257278534,0.1358398157323597,0.9800802871325556,0.7374337720435128,1.2509246258900093,1.0150668045923816,1.0158337628200294,1.0106452460757114,0.4938761130597622,0.6776954735259518,0.19489281591596,2.0523634875619097,2.052408460817132,2.00647776444347,0.9585124006838424,0.8894821137220431,12.45763738099176,0.6428571351729934,0.1905456603980397,9.943872609549985,1.2967143738049622,-6.732970106547224,540.5589758056078,183.5598749516404,292204.00632400764,1.2314925068992053,0.7769024953005754,0.7068657714807173,12.45763738099176,0.529707373864413,0.1206173656708508,10.206697420684357,1.2333934336194594,-2.0121480116302024,774.3414773104853,353.9696225028072,599604.7234833848,0.1824013695062271,0.913808497693454,0.8376149002073795,12.45763738099176,0.6104732006059884,0.1755368125431861,8.981073091977331,1.3594315893580522,2.269830289560801,666.0109156957549,76.41071327621584,443570.539825898,1.110269219895864
129.33026554256733,42.3735401983848,27.661243108064888,77.66030207089895,139.8409305155017,97.85136074999755,91.96670685000488,277.0049194123906,403.31540350329885,72.11996715758617,21.11457831930633,20.98256620893536,0.1434508074985879,0.2538086890056377,0.562525902666878,0.1656552432965686,0.4428255012680533,0.0809048527735165,4.303112658059233,1.8389095189319296,2.9323232354197573,0.6036468768434874,1.3743723228035043,0.0842343412605372,1.0334356583066722,0.7817894245017144,1.224272988939,1.014700613542323,1.0156405168403184,1.0089152115728477,0.4717292021602213,0.6688367091661355,0.1816046693762354,2.0043361902163968,2.0908332681867434,1.9905031057687423,1.216670742950006,1.1558111331309526,12.45763738099176,0.8031679547493252,0.3821243721284245,8.112312847828349,1.378528382584366,1.8711516286054024,390.174786148784,9.487339139423614,152236.36374624932,-0.7176118990995777,1.348111163419193,1.288401682489464,12.45763738099176,0.9026408982094756,0.3842593093217211,8.111597727458584,1.3741132107618692,1.3488432906511076,368.5074090882835,3.027960907329347,135797.71055295953,0.0610156232015289,0.8891466037517,0.8051588730440817,12.45763738099176,0.5916543464170001,0.3490067321175297,6.251271995841936,1.3850003924556935,9.962378620675464,687.1423069013275,7.267000823744039,472164.5499336782,-0.4204929640116539
63.11098113772562,29.413035081132115,31.410265174691567,97.68874767101111,174.67921942754614,158.62703017774945,202.4200508171295,1045.861641624657,73.37353675329116,16.20688522005974,9.148466989232851,18.019433602117505,0.065819045740376,1.3066161921806478,0.2016196672184285,0.3650862713285027,0.7922829248980151,0.0679927981832883,2.286860776425012,1.1647322514759195,7.220449940489887,0.8645713125824732,0.7262190589389559,0.1160491409862575,0.9329912407082672,0.7051578351407023,1.2504111311253694,1.015193649852176,1.0160119318699294,1.0108524727776589,0.5182377150492573,0.6954130022455846,0.2170397268155009,2.054475108315063,2.1297883946137177,1.953797572936036,0.8866873914529307,0.8318185750205564,12.45763738099176,0.6024495974954446,0.1718850410299989,10.095998024974255,1.207833689738553,3.2144199766442623,598.1326970404015,156.14799860632183,357762.72326882475,-0.9975194318815308,0.6939114337757357,0.6353090452727536,12.45763738099176,0.4885142514218384,0.0985279306005517,10.192217635141525,1.1291872073623976,6.9752031529273,873.2497626266152,214.8472232904443,762565.1479274397,-1.3776825525692409,0.8741921520880958,0.8139462572915139,12.45763738099176,0.5943619132146174,0.2270981556113534,9.527560555128732,1.322103864810997,4.10232949599612,697.3673517673096,90.05169115927067,486321.22331095056,-0.4890109040244733
76.68836931962669,34.77416928767556,31.661066509419264,104.30945711836324,149.82941533919308,114.48206164664948,122.96670772413076,533.4231591219745,113.4686642154718,24.072357307250314,12.411591806664251,23.120731797073788,0.0576599089187313,0.8232328487022723,0.0902092433233376,0.4005710646644709,0.7804615134264126,0.0915495954637397,2.1057844503147165,1.1811879908132226,6.125822332932016,0.918966258044954,0.8896506570655421,0.2324160762807642,0.920325628720551,0.6906766599152319,1.1995048256876617,1.0149772046257175,1.0159599868722584,1.0108064464165698,0.5492433903086146,0.7242039864149877,0.1860340515561436,2.0197374219379,2.075643767797572,1.9498603300843675,1.0461336733402833,0.9711206678663332,12.45763738099176,0.7004826130603442,0.2266758946586214,9.969351513119884,1.2848599063833035,-0.326969153053227,495.1625806676424,146.30596221034406,245185.98129343943,-1.5611665376829005,0.8724542025547231,0.7984028842654181,12.45763738099176,0.596796180023482,0.1360745820675606,10.13063359398018,1.227383351203343,-0.9626481979588206,683.6655569252993,252.28678697128163,467398.5937259796,-2.373324277194275,1.0966370953431728,1.0169768810007769,12.45763738099176,0.7261126671483094,0.2482518483674924,9.926711497216765,1.3039387363148227,-8.53451745768809,537.4576814684713,119.45841080660644,288860.7593694647,-0.8143665289682542
57.36390565332567,29.43986538431693,31.02819751456872,79.14679189537063,242.07650939247532,218.13160733631025,280.2220202340306,1220.378222155255,96.73300006665907,18.174978694600178,8.536049954350817,17.500631397597147,0.0327741259880628,1.099233073823498,0.0912795331849817,0.3238231652767561,0.694417876802319,0.0694818300805652,2.374807763891821,1.2772600771323,6.5479761132191285,1.0942577818611126,0.7581230987941726,0.1828040001925358,0.8908219029596077,0.7700552014729061,1.243429566920332,1.0150369436550093,1.0159154488457178,1.011380793187974,0.5802490655679718,0.6909836200656764,0.2214691089954091,2.0463231680656038,2.0714145827728325,1.9284553623633507,0.9316830253547392,0.8583183213252724,12.45763738099176,0.6262784932984885,0.2021391292179033,10.0118230997209,1.3026175839862528,-1.900211483779323,543.9289353373084,405.1528775480761,295858.6866971779,2.4025479771562464,0.7301133736900525,0.6607979904972364,12.45763738099176,0.5078501875087593,0.1050199147279605,10.441748661983324,1.2285726415485174,-5.273797393559264,792.2728040373681,684.2962106303424,627696.196017234,3.517796694768861,0.990642953279338,0.9121585199476034,12.45763738099176,0.658319119509444,0.2294298459209197,9.747327432567532,1.3387508324363298,5.21282149384362,582.7443293347926,276.8492562106072,339590.9533718573,1.937102566609265
116.8850700617921,33.72749933190427,35.36540227280833,83.25197928563048,175.547517431545,90.78925178146716,98.50584559961136,290.88581360051967,133.0344237745602,22.85318663572844,13.927778993947571,21.04275652928612,0.1220992101721802,1.1424351313423398,0.1100675501672577,0.18065839621308,0.6822285451294514,0.0785238763482122,4.108483093319398,1.3003973023410804,5.330783592953511,0.669492761910617,0.7730310573800965,0.1677262662730298,0.9890518118510984,0.7981887419792066,1.219590333325738,1.0149398561099303,1.0159080246073204,1.0116480935036198,0.5248817883191196,0.657763253716365,0.1993221980958681,2.0006006909199927,2.05982444454868,1.947119885388144,0.9428556022446436,0.8796522918764466,12.45763738099176,0.6341498878208487,0.1961614869558619,10.072714096719368,1.3137378493590663,-5.026307541173171,551.5743138802759,383.5273968123408,304234.2237324971,2.402849492299101,0.7256548284112099,0.6552956731748392,12.45763738099176,0.4941439502857789,0.1442033431628613,10.208159928790652,1.2999851964033853,-7.437496980661102,839.6602331416105,542.0121449343598,705029.3071194238,2.9469530426391386,0.9104738792445336,0.8437572834074996,12.45763738099176,0.6093070725563874,0.2271677479020103,9.060748765676117,1.363711662234257,4.180251009016089,670.259868018953,161.16226283588253,449248.2906767842,1.5487773580103654
159.58894588271266,37.306820138075686,30.29030478365869,80.14042048767027,156.5084294855387,91.58144918167504,98.04554474166804,280.3949765037649,177.58122748524,28.01074315281129,12.952795988592593,20.21435191750506,0.2384740611737881,0.2665262593311078,0.3111901842678041,0.1335835701817656,0.4276903786960919,0.0617862863901352,5.301388762114748,1.9171153652256636,5.219707733532248,0.5210861550119522,1.353180781179182,0.1344094652898783,1.1096692185242116,0.8227561522154423,1.2787960331312913,1.0143710542367066,1.0157520340735835,1.0091247752002863,0.3920003229218741,0.6688367091661355,0.1572430673867404,1.9949038017467653,2.075823082987606,1.9829370315745167,1.268017738696337,1.2061756780409456,12.45763738099176,0.8223539745604774,0.49001947970806,7.777672575635063,1.3790700377195375,-9.701890736710215,377.9533080817174,0.7627870053831645,142848.70308991362,0.2066683907588259,1.0904904721245852,1.022086472187525,12.45763738099176,0.7027414293823694,0.4406249661163759,6.914876952742785,1.3844572601220442,-7.428598348160685,522.302816497448,1.9268534135477315,272800.23212116683,0.2007132781875386,1.0616821190082135,0.9936883331282254,12.45763738099176,0.6859867496480385,0.4280321317100009,7.053097593785243,1.383693062295931,-17.008833426995647,565.918575321204,1.5863319906661797,320263.8338935813,0.0753570596795628
68.84874236852437,29.08831902444951,27.970381323512804,81.91886300671398,118.77457065164064,92.26521241854232,90.350551561678,287.85347611652844,77.86700270012444,12.53161300291659,7.447111725610624,15.888030530606796,0.0980930709202435,0.2394079190432087,0.1755498317142629,0.1961052682483613,0.4478748998095067,0.0618569051697317,3.767802203006163,1.8158147536774487,5.995846367965975,0.7390429287674531,1.3932724594443704,0.1666228345219254,1.0076413097888963,0.7854271188368857,1.2423337740363414,1.0145808544271049,1.0156925681223263,1.009155797405724,0.4340794536310018,0.68212485570586,0.1638871406566027,2.051093625624916,2.1019714205190563,2.034210964522952,1.3350792314130322,1.282919714215648,12.45763738099176,0.883348258153065,0.3171284626787595,7.998142825787842,1.3764951572994557,-5.730775097099092,336.0913313267863,1.0210666835685185,112957.38299301163,0.3099744014047275,1.3081716468643605,1.2416038216592908,12.45763738099176,0.8597557884490175,0.3033061966182247,7.791407729477119,1.3791101728478263,-5.065431229275269,385.9217906088488,1.479077632837006,148935.6284667401,0.2848367957672382,1.1778067858456027,1.116227911043807,12.45763738099176,0.7725753562510214,0.3123912875183458,7.588250552582036,1.3852448383062168,-11.261226939498698,471.6226768501777,2.0876808922437027,222427.94931932716,-0.0481372726644011
58.3478248704245,29.278924680563257,30.967052341158286,79.60775068492327,127.65540170860922,81.63533896952916,102.76213753174524,276.7096070102881,67.7146251828869,19.175193810172104,11.943962587130482,18.90060536728804,0.0336777690859699,0.2210715037686798,0.0571243603820639,0.3261875110816005,0.47092634945689,0.0950906177220301,2.343043219897794,1.7337203285075486,5.168366716069251,1.1001543503505904,1.4215945537904051,0.2765652317211919,0.8917771318056003,0.7814005736564068,1.1853615442733194,1.0149024986477235,1.0157371697075568,1.0108141184289952,0.5625315368483391,0.6909836200656764,0.19489281591596,2.0912579954813872,2.103754113937283,2.0676550230610053,1.449827960606143,1.38762228383408,12.45763738099176,0.9844136761208306,0.3689059128669613,8.883410773637179,1.353204680821864,-4.27495191979909,286.95106496718427,0.5110514582595718,82340.9136858012,-0.0290677854720144,1.4379455259596776,1.3870698593669597,12.45763738099176,0.9734837958758952,0.3834143928655761,8.348456863313261,1.3676139219205847,1.713729751654478,324.3332312550799,0.6777813987244783,105192.04489636116,-0.0533086793581423,1.3698143365991298,1.3023513700141665,12.45763738099176,0.9126106736732388,0.4397583379854979,8.538145642760036,1.367627771820319,-12.191520475330307,370.1000669049084,0.8934639546173297,136974.05952301764,0.0330905818181446
