mean_nni,cvnni,cvsd,max_hr,mean_hr,median_nni,min_hr,nni_20,nni_50,pnni_20,pnni_50,range_nni,rmssd,fuzzy,sdnn,sdsd,std_hr,lf,hf,lf_hf_ratio,lfnu,total_power,vlf,csi,cvi
870.4,0.1592214619454302,0.1231116122040475,97.4025974025974,70.65085446291886,820.0,55.14705882352941,24.0,13.0,82.75862068965517,44.82758620689656,472.0,107.15634726240296,138.5863604773025,106.76895610667644,11.093863385608916,13348.111520052336,2024.4470248325392,6.593460513572333,86.83077368727172,13.169226312728282,19657.12181230002,4284.563267415148,2.3466685383784123,5.345671697552722
964.8571428571428,0.0927784321238896,0.088915175674676,79.7872340425532,62.73677624450898,968.0,55.14705882352941,23.0,19.0,85.18518518518519,70.37037037037037,336.0,85.79044235810886,89.51793293782156,85.78583727249627,6.091147710519729,2493.0172223477307,1596.9521702215495,1.561109511502694,60.95442246773492,39.045577532265085,5255.858773120851,1165.8893805515706,1.787257735582988,5.038498777331359
969.3793103448276,0.08413447941774,0.0928854777717049,74.25742574257426,62.31807544333755,968.0,51.36986301369863,24.0,16.0,85.71428571428571,57.142857142857146,360.0,90.0412603833852,81.5582236341899,89.75749641821182,5.139719684006666,1197.4364189149246,689.8397920826269,1.7358181314821852,63.44786268894893,36.55213731105107,2481.748348358132,594.4721373605803,1.478051368788562,4.994715242983342
1016.6666666666666,0.0674879557107361,0.0844478240172372,65.78947368421052,59.26844508471898,1012.0,51.36986301369863,19.0,11.0,82.6086956521739,47.82608695652174,256.0,85.8552877508579,68.61275497258171,85.69661173441996,3.829671874555289,1229.3096529618422,1121.9371833982518,1.0957027462432152,52.28330917671348,47.71669082328653,2668.9832094954263,317.7363731353324,1.2052632244063166,4.869404349866958
984.5925925925926,0.0828280648640116,0.0825847299631552,74.25742574257426,61.36026677991004,992.0,51.36986301369863,24.0,19.0,92.3076923076923,73.07692307692308,360.0,81.31231338298221,81.55189912388461,81.309984684954,5.214492839099198,3845.964327267144,722.8847764031568,5.320300624400241,84.17796779888307,15.82203220111692,5527.480637384518,958.6315337142166,1.693834152955621,4.969281970161737
868.0,0.1329827079692841,0.0846946159882655,91.46341463414636,70.31902718584014,836.0,56.39097744360903,19.0,15.0,70.37037037037037,55.55555555555556,408.0,73.51492667781451,115.42899051733863,73.2253600931274,9.235935862132092,4585.029124197165,906.3486275428876,5.058791931563008,83.49505955485046,16.504940445149536,9545.840011511966,4054.462259771913,2.927698620999737,5.115329803432606
940.0,0.0969393983512478,0.1239384108131897,79.7872340425532,64.41358281832694,924.0,53.191489361702125,23.0,20.0,85.18518518518519,74.07407407407408,376.0,116.50210616439834,91.12303445017297,116.06573039571504,6.174244868010916,79.71517820265905,1580.587219889636,0.0504339002615908,4.801244537998176,95.19875546200184,1787.4506760804145,127.14827798811925,1.1722641779012777,5.11791391465825
929.0666666666668,0.1152443829471211,0.1202431691484122,81.52173913043478,65.4259044590303,952.0,53.57142857142857,13.0,10.0,92.85714285714286,71.42857142857143,384.0,111.71392035015153,107.0697147167387,111.7080743614848,7.643324815450979,1428.8580900968084,894.2131667376927,1.597894264193884,61.50728635176782,38.492713648232176,2803.846084126736,480.7748272922352,1.5531385004984315,5.222653986756495
775.1111111111111,0.0642855235200481,0.0905899093693114,93.75,77.7285834917519,760.0,68.18181818181819,21.0,13.0,80.76923076923077,50.0,240.0,70.21724530670181,49.82842356398398,70.18420395792134,5.106002670054419,395.6906719666015,546.2441328891598,0.7243842965850077,42.00828655303736,57.99171344696264,976.53882309128,34.604018235518765,0.968845917898638,4.598856796908985
809.5294117647059,0.0640215853773554,0.0599205146644511,83.33333333333333,74.41436487885436,814.0,66.3716814159292,23.0,13.0,69.6969696969697,39.39393939393939,184.0,48.50741898895154,51.82735635077446,48.50726754406362,4.722976791984033,759.4273610793998,414.2251383280144,1.8333685979193963,64.70632162951472,35.293678370485274,1534.6233558418944,360.97085643448,1.8514663638026745,4.555583397306332
911.3846153846154,0.086644942333395,0.1023514198584358,78.94736842105263,66.29515029389123,896.0,53.57142857142857,19.0,14.0,76.0,56.0,360.0,93.28150942174982,78.96686744354339,93.25461060987816,5.467204335390771,4184.327158212511,1479.2151522246286,2.8287481722449885,73.88180274563084,26.11819725436916,6853.670865303408,1190.128554866268,1.3241867096979103,4.982108604700313
919.448275862069,0.1112052268670172,0.117000476981947,83.33333333333333,66.05135436243549,920.0,53.57142857142857,26.0,19.0,92.85714285714286,67.85714285714286,400.0,107.57588683609087,102.24745410972922,107.21064522228932,7.338884620791029,5017.979025485642,2130.277228735067,2.3555521120907144,70.19864491459384,29.80135508540616,8570.972313126727,1422.7160589060177,1.583756723527824,5.179048545222959
877.4193548387096,0.1428571123743582,0.1051893580076534,93.75,69.78770336660953,888.0,52.816901408450704,28.0,19.0,93.33333333333331,63.333333333333336,496.0,92.29517863897334,125.34559537363047,92.12513229298509,10.140490106518774,4866.6144003544805,1479.7612589490363,3.288783491879543,76.68336483076338,23.316635169236623,10859.303144869396,4512.927485565878,2.4815548536243863,5.241293372372191
1026.923076923077,0.0668108225549158,0.0977918409023133,68.18181818181819,58.68178053332147,1018.0,52.816901408450704,22.0,17.0,88.0,68.0,256.0,100.42469815737562,68.60957546985586,100.42010953987254,3.9004278705728814,295.0199691294176,1482.8731528755247,0.1989515883791728,16.59379663928963,83.40620336071038,1962.372352537632,184.4792305326897,0.8902250214219795,4.873959932268695
902.4,0.1127737246056494,0.0906177376942898,81.52173913043478,67.30871339672355,880.0,53.9568345323741,21.0,14.0,72.41379310344827,48.27586206896552,376.0,81.77344649532718,101.76700908413804,81.58711049722599,7.434617412387202,2750.578873148929,1240.624197576209,2.2170927171360177,68.91603419841007,31.08396580158993,5343.292292367256,1352.089221642117,2.2380447214356023,5.091441818771687
900.2666666666667,0.1171418574982832,0.1010767414838272,98.6842105263158,67.65104052486615,912.0,56.39097744360903,23.0,18.0,79.3103448275862,62.06896551724138,456.0,90.99602113317354,105.45890957712108,90.1828503223928,8.861711578076617,1294.1272162669286,1049.4727209202688,1.2331213479585497,55.21963009694171,44.780369903058286,3291.716452674396,948.1165154871984,2.0691238600961745,5.144364357380603
870.6206896551724,0.1013177559244584,0.1090147354288452,88.23529411764706,69.62111886515999,880.0,58.13953488372093,26.0,18.0,92.85714285714286,64.28571428571429,352.0,94.91048414163738,88.20933453726644,94.25410725636246,7.135491566710931,1798.2677604722917,601.0291644085835,2.99198086708787,74.94977973856135,25.050220261438653,3407.23919335756,1007.9422684766848,1.54216378761713,5.055615323755901
824.6857142857143,0.0694510334690643,0.0889391898619758,84.26966292134831,73.09513162217223,832.0,60.483870967741936,26.0,20.0,76.47058823529412,58.8235294117647,280.0,73.34687931931633,57.27527514431636,73.22449719608444,4.994015875335707,1218.9613610512242,719.6614955569484,1.6937982212149143,62.877694694259766,37.12230530574022,2291.177144576781,352.5542879686081,1.1727274631655928,4.714564856289945
898.6666666666666,0.1018039648318714,0.1013106604828849,79.7872340425532,67.4298481390352,884.0,55.55555555555556,25.0,21.0,86.20689655172414,72.41379310344827,328.0,91.04451355395264,91.48782972890848,90.98431219390702,6.671123645014673,1928.657431468819,1281.6658748517257,1.5048051674871523,60.07673518961912,39.92326481038088,4458.110909646114,1247.7876033255695,1.7043865479795084,5.067831084048416
936.0,0.0920885958393001,0.1366243364180072,76.53061224489795,64.63855010064755,932.0,54.74452554744526,23.0,22.0,100.0,95.65217391304348,312.0,127.88037888725474,86.19492570558492,127.8571982251927,5.9730168158058055,2736.113328035597,1608.2404511138157,1.7013086109982207,62.98090503511675,37.01909496488325,4578.338127950639,233.9843488012265,0.8595772323982261,5.070130412753809
977.0909090909092,0.1076549552968419,0.1165180099018671,74.25742574257426,62.08494702490591,980.0,50.33557046979866,17.0,13.0,80.95238095238095,61.90476190476191,384.0,113.84868822047888,105.18867813913248,113.38310231756964,6.502005690563704,3154.6353413061825,1082.5968482836763,2.9139520831854138,74.45037704227236,25.549622957727653,6768.305213551468,2531.0730239616096,1.5095621970670137,5.212226969038755
794.3225806451613,0.107414174839649,0.0897247276354331,93.75,76.39553746292273,800.0,61.47540983606557,25.0,15.0,83.33333333333333,50.0,336.0,71.27037720306149,85.32150455650056,71.09005243742303,8.197099830941998,2925.67035462229,656.6491016217159,4.455454743479901,81.66972237841121,18.33027762158878,5411.444933221813,1829.1254769778063,2.137698479855862,4.951377361365799
919.1111111111112,0.112800316228007,0.1103497826946299,78.94736842105263,66.07385606434799,920.0,52.44755244755245,22.0,15.0,84.61538461538461,57.69230769230769,384.0,101.42371138333102,103.67602398200825,101.31864317893968,7.214676566986316,2407.8733524396857,1772.7636979640422,1.3582596232115116,57.595847795664426,42.40415220433557,5257.637773753666,1077.0007233499382,1.739888758513023,5.1720235389181655
986.56,0.069784398228836,0.1082759508641738,68.80733944954129,61.09178211189105,984.0,52.44755244755245,22.0,14.0,91.66666666666669,58.333333333333336,272.0,106.82072208455936,68.84649591664052,106.73279200362413,4.030469676533778,793.5368242392058,1204.95516886014,0.6585612848898548,39.70678026127867,60.29321973872133,2056.8942050243154,58.40221192496948,0.7713239590341131,4.865405954818423
1003.52,0.0661830978099814,0.0871308960412113,73.52941176470588,60.05366506063231,1000.0,53.191489361702125,19.0,13.0,79.16666666666667,54.16666666666666,312.0,87.43759679527642,66.41606231427254,87.43187824434136,4.100896272764916,450.8211253187421,1088.9001096191355,0.4140151344795307,29.27939909440368,70.72060090559631,1674.590377819374,134.8691428814964,1.1009043058125207,4.846662579338123
974.3333333333334,0.0919019402360772,0.1230003859542695,79.7872340425532,62.116946397752656,994.0,51.36986301369863,18.0,16.0,78.26086956521739,69.56521739130434,416.0,119.84337604810996,89.54312377001796,119.84337604810996,6.021443088664896,4105.654805171655,2571.95082705369,1.5963193238320608,61.48393647804304,38.51606352195696,6790.389383078005,112.7837508526603,1.065809935015501,5.107302976057797
919.1724137931036,0.0967319153089382,0.0876542866109453,80.64516129032258,65.88077650561885,920.0,55.55555555555556,20.0,17.0,71.42857142857143,60.71428571428572,336.0,80.56940220349516,88.91330808534683,80.5511625981796,6.390700296301241,6058.310533864983,522.8353133521695,11.587416494540124,92.05555802150698,7.944441978493018,8226.35650827206,1645.210661054908,1.9234196337243892,5.015101925043799
868.8,0.0868050990816617,0.0996888894897426,80.64516129032258,69.56182624718375,872.0,57.69230769230769,23.0,18.0,79.3103448275862,62.06896551724138,296.0,86.60970718868842,75.41627008214772,86.51080225072594,5.896328431436617,1250.8306351701904,1589.4709182325626,0.7869477955350522,44.03865616563367,55.96134383436634,3705.461655365568,865.1601019628154,1.3910460271614795,4.935812132645945
975.3846153846154,0.0856121430819211,0.0896973630225363,76.53061224489795,61.97113206146766,992.0,53.57142857142857,21.0,16.0,84.0,64.0,336.0,87.48942793275081,83.50476725221233,87.45196624433324,5.46919235978528,1776.351932274977,1310.9526344377653,1.3550084767454698,57.53730783245582,42.462692167544176,4369.600732848969,1282.2961661362267,1.581512363594113,5.003430502295968
1030.72,0.0684632779484182,0.0932330536343656,68.18181818181819,58.47449206012714,1040.0,50.0,22.0,16.0,91.66666666666669,66.66666666666667,320.0,96.0971730420134,70.56646984699367,96.09196983445946,3.941134804764536,2945.180282875212,1555.2221239319397,1.8937361021004224,65.4425986089696,34.55740139103038,5140.426168967825,640.0237621606735,1.0330921547772614,4.901086648807374
991.0769230769232,0.0840523091870988,0.0984654995917788,80.64516129032258,61.00293915350232,1012.0,54.74452554744526,19.0,16.0,76.0,64.0,352.0,97.5868843646522,83.30230396666016,97.45247867550624,5.660492816972802,1724.6555859852626,1269.0864102585492,1.3589741187394015,57.60869133509679,42.39130866490321,3110.978072775812,117.23607653199956,1.3438072162217118,5.026741502362674
997.3333333333334,0.0897728062600204,0.0696583024439744,71.42857142857143,60.63337826373976,1010.0,50.0,16.0,11.0,69.56521739130434,47.82608695652174,360.0,69.47254697079053,89.53341210999372,68.7363665808518,5.415006685782036,8108.486061680382,372.32930988212695,21.777726991859407,95.60974630893858,4.390253691061416,10061.518442323084,1580.7030707605747,2.343416988875086,4.9666178592695935
1013.3333333333334,0.0565918919379194,0.076495321424726,66.3716814159292,59.39406288818508,1016.0,53.57142857142857,24.0,19.0,92.3076923076923,73.07692307692308,216.0,77.51525904372238,57.34645049709166,77.46577789941911,3.31102909930098,736.0796753173586,2056.3672978080085,0.3579514594022114,26.3596652828656,73.64033471713441,2895.36653759391,102.9195644685429,1.0524990263751448,4.720564801756704
933.8666666666668,0.0770473624444507,0.10771490035507,72.81553398058253,64.61783094589084,948.0,54.34782608695652,23.0,19.0,79.3103448275862,65.51724137931035,280.0,100.59135494492143,71.95196354145776,100.58795052453016,4.883508352910573,117.97786787252213,1132.018887936684,0.104218992394693,9.438253925398964,90.56174607460102,1299.7413675204268,49.74461171122071,0.98798806712978,4.9181735717929085
836.0,0.0782844385888729,0.1036292182866054,84.26966292134831,72.20064886739046,840.0,60.483870967741936,28.0,20.0,84.84848484848484,60.60606060606061,280.0,86.63402648760211,65.44579066029775,86.632669746472,5.607441869518695,332.6007287959702,1158.353202848621,0.2871323944873108,22.307914532885416,77.6920854671146,1771.245360434153,280.2914287895618,1.10162803454702,4.833852324381403
827.1428571428571,0.0922950605958456,0.1204135366990274,84.26966292134831,73.12717586875756,828.0,60.483870967741936,24.0,18.0,88.88888888888889,66.66666666666667,280.0,99.59919678390986,76.34120012142091,99.5634917471705,6.5234911332324295,1508.6757401843986,442.531286972326,3.409195653727292,77.32012642363341,22.679873576366585,2165.568409616769,214.36138246004413,1.1245346142421726,4.966653469460191
806.1714285714286,0.0920289656533474,0.0831301082115013,86.20689655172414,75.02631044288536,792.0,62.5,26.0,17.0,76.47058823529412,50.0,264.0,67.01711809416351,74.19112271071,66.88315484024422,6.650568366435776,1743.7793177345825,686.8254578603634,2.538897325045144,71.74261053230066,28.25738946769934,3655.079070669689,1224.474295074743,1.943479287192277,4.855268381289181
747.6666666666666,0.0765559725143266,0.0740321158963876,93.75,80.70685142162671,742.0,69.44444444444444,20.0,13.0,57.142857142857146,37.142857142857146,224.0,55.35134531853249,57.23834878321152,55.343793782176526,6.080641862591092,781.9062348029163,518.3479744687531,1.5084581657800051,60.13487433668043,39.86512566331956,1312.6329939396107,12.378784667941265,1.776598727068808,4.651406313778111
809.7647058823529,0.1367266506179561,0.0913349983457412,93.75,75.39298610631545,806.0,54.74452554744526,24.0,15.0,72.72727272727273,45.45454545454545,456.0,73.95985807220431,110.71641602392845,73.66965203429424,9.753998509872844,1422.8572347961826,1172.9097002209317,1.2131004070715508,54.81452188953171,45.18547811046828,3422.4222836179297,826.655348600815,2.785817856361838,5.095983903413924
936.2758620689656,0.0976756483283919,0.1092917273794372,82.41758241758242,64.69538856113273,928.0,54.74452554744526,22.0,18.0,78.57142857142857,64.28571428571429,368.0,102.32720626918896,91.45135184181032,102.18310895202808,6.423051516843655,4343.481554385796,1768.536296510087,2.4559753525878643,71.06460845413173,28.93539154586827,6353.449811741241,241.43196084535924,1.445509207075618,5.097663340577471
913.032258064516,0.0736127925650839,0.0945187919618049,73.52941176470588,66.0558830910254,904.0,58.13953488372093,21.0,17.0,70.0,56.66666666666666,216.0,86.29870605441698,67.21085421813342,86.28840529809837,4.715052907258098,1550.8435321053091,1809.2196126300569,0.8571892109056085,46.15519010513868,53.84480989486132,3667.636394771587,307.57325003622145,1.1601320590618518,4.854225557729435
857.5,0.0837955592792557,0.1003413994924512,79.7872340425532,70.4032357107441,848.0,53.57142857142857,21.0,13.0,67.74193548387096,41.935483870967744,368.0,86.04275006477697,71.85469208196183,86.0040412379627,5.293451994794571,397.15709581521816,631.0704525750078,0.6293387595547627,38.62540898043434,61.37459101956566,1552.0844830076255,523.8569346173998,1.3046233284223454,4.901853283645745
862.6666666666666,0.1310142348125084,0.1069896146007788,92.5925925925926,70.71462092832199,836.0,53.57142857142857,20.0,13.0,68.96551724137932,44.82758620689656,472.0,92.29637419560515,113.02161323159063,91.92459299159628,9.124622611277536,3295.817048824948,1114.4221116629142,2.957422519109037,74.73102770373032,25.26897229626968,7975.354340478174,3565.115179990312,2.199592792634624,5.1875356728128414
698.9090909090909,0.0861726434706133,0.060127709491144,98.6842105263158,86.45301052462042,664.0,73.52941176470588,16.0,6.0,50.0,18.75,208.0,42.02380277890139,60.22684390927959,41.80834246893794,7.150187510550429,1190.8602031728574,466.49463487596375,2.552784349791065,71.85306223106932,28.14693776893069,2528.6253803689974,871.2705423201766,2.653543936484237,4.583230454160829
786.5806451612904,0.1101493155650417,0.0902264971919584,97.4025974025974,77.16418594947054,784.0,60.97560975609756,23.0,13.0,76.66666666666667,43.333333333333336,368.0,70.970416371894,86.64131970122507,70.82548191780194,8.247147241395114,1212.1480951554654,1709.6537253539566,0.7090021079587385,41.48632144202459,58.5136785579754,3057.026502064349,135.2246815549271,2.1877822068703376,4.958196406271757
982.608695652174,0.0926221779849537,0.0663472843334044,72.81553398058253,61.57062315370049,984.0,53.191489361702125,17.0,10.0,77.27272727272727,45.45454545454545,304.0,65.19341851891046,91.01135749825892,65.07059103913086,5.635647724274849,3117.484378693061,1104.6553351152534,2.822133094000584,73.83659921289367,26.163400787106323,4487.376206527226,265.2364927189116,2.5434764011408,4.955490588535766
1049.391304347826,0.0717965691299293,0.10109753120827,68.18181818181819,57.4675768314608,1032.0,51.72413793103448,20.0,16.0,90.9090909090909,72.72727272727273,280.0,106.09087014099153,75.34269532695545,105.76068416027567,4.167413630429208,1442.5467646352963,1598.7234873335858,0.9023116105219876,47.43237677419193,52.56762322580808,3089.699102984847,48.4288510159645,0.9683580220924616,4.9579778309346825
1040.142857142857,0.0638753163778284,0.0903820500069721,64.65517241379311,57.911556025427856,1042.0,51.02040816326531,25.0,20.0,92.5925925925926,74.07407407407408,248.0,94.01024372868058,66.43945407813838,93.90512680096955,3.630237254789044,1956.5064533616107,1075.5645899206042,1.819050637866421,64.52706501374367,35.472934986256334,3043.100484244776,11.029440962560985,0.963410630466078,4.848670444186373
1011.8620689655172,0.0693967331141067,0.0871606840063583,68.80733944954129,59.57577536340748,1024.0,51.02040816326531,28.0,18.0,100.0,64.28571428571429,304.0,88.1945900511234,70.2199219482879,88.02736123802991,4.111471856713234,1267.002278407379,853.0185649814194,1.4853161823447265,59.763670831750346,40.23632916824965,2548.731134117617,428.71029072881856,1.2059984299803306,4.889466363346054
970.9629629629628,0.0795269416781318,0.1037671710844958,75.75757575757575,62.19143660314736,976.0,53.57142857142857,24.0,18.0,92.3076923076923,69.23076923076923,328.0,100.75407989448674,77.21771492718169,100.72400629337068,5.115800106263391,3105.58975029845,1924.5404410635683,1.613678613364026,61.73974891607216,38.26025108392784,5672.090160169697,641.9599688076784,1.1226968445802443,4.976651811300964
836.1333333333333,0.1771121587375578,0.1124038329777189,100.0,74.06725492541918,858.0,53.57142857142857,24.0,13.0,82.75862068965517,44.82758620689656,520.0,93.9845915471034,148.08937965909672,93.16115708309252,13.401525469014814,2967.9316413836987,2078.999838085927,1.4275766582628426,58.80665615249436,41.19334384750565,7485.091339246177,2438.159859776552,2.95953339415258,5.328022946151647
791.2258064516129,0.192414580757123,0.1473787760663891,100.0,78.43500689689276,704.0,53.191489361702125,27.0,16.0,90.0,53.333333333333336,528.0,116.60989094698044,152.2433818326037,116.56597559608322,13.899713325247468,10635.310714000716,2682.920209641771,3.9640801376723616,79.8552808926067,20.144719107393296,16244.345356495298,2926.11443285281,2.365552345648112,5.424889412197665
929.1851851851852,0.0820862341956054,0.0878506874007808,75.75757575757575,64.98236416506928,904.0,53.191489361702125,21.0,12.0,80.76923076923077,46.15384615384615,336.0,81.62955724114039,76.27331272219814,81.53149462253599,5.116139131076648,1144.7030074599556,950.69444173828,1.204070369199744,54.62939777358012,45.37060222641989,2203.606821257184,108.20937205894764,1.538198256148681,4.929786448581726
820.0,0.1006589179651894,0.0934787153894049,92.5925925925926,73.90649233619581,812.0,59.523809523809526,24.0,16.0,77.41935483870968,51.61290322580645,360.0,76.65254661931205,82.54031273145536,76.6247393233985,7.493045059347471,2534.779893128972,359.5175502843631,7.050503907595244,87.57841730805757,12.421582691942431,5419.082915294351,2524.785471881016,1.8686174384625716,4.957588843722084
902.7096774193548,0.1188570701243987,0.1049463932019082,83.33333333333333,67.35697219511741,880.0,53.191489361702125,25.0,16.0,83.33333333333333,53.333333333333336,408.0,94.73612475361936,107.29342743100564,94.7357494413921,7.662904334859664,8661.457678585906,1798.0020049109137,4.817268086981394,82.8098003212552,17.190199678744815,11179.341885346335,719.8822018495158,1.989898846540243,5.169672034309779
862.1935483870968,0.1330166180096971,0.100720830914087,89.28571428571429,70.8065319480809,872.0,55.55555555555556,22.0,15.0,73.33333333333333,50.0,408.0,86.8408506023135,114.68606987623176,86.44648955021572,9.380933664653329,3535.017857191767,1481.854939397261,2.385535698001332,70.46257699806992,29.53742300193009,8717.22626170734,3700.353465118311,2.409471293598471,5.173229724269912
887.7241379310345,0.107157803264266,0.111781720489113,83.33333333333333,68.34820876015047,880.0,54.74452554744526,23.0,17.0,82.14285714285714,60.71428571428572,376.0,99.2313314576457,95.12656852535396,99.2313314576457,7.272576663765983,1403.8680853088854,2999.2458955972315,0.4680736872457525,31.8835281438702,68.1164718561298,6069.186657292069,1666.0726763859525,1.5951917921921113,5.114994797822326
949.7931034482758,0.1093793747027931,0.1284514927040016,82.41758241758242,63.93733604189092,928.0,52.816901408450704,21.0,16.0,75.0,57.142857142857146,408.0,122.00234189789732,103.8877757521977,121.99698892236007,7.199050293520115,4402.491134176202,1157.4212387580442,3.8037068845394937,79.18274315990317,20.817256840096825,6364.547834881261,804.6354619470146,1.3405317279284317,5.21885957504169
1003.4285714285714,0.0794138807149111,0.104549264967519,69.44444444444444,60.157300725081264,1000.0,51.02040816326531,24.0,23.0,88.88888888888889,85.18518518518519,312.0,104.9077195902648,79.68615687736232,104.89725850683448,4.664197808684827,1940.451034198864,2021.432253829755,0.959938692242856,48.97799589559355,51.02200410440645,4450.709476588149,488.82618855953103,1.1058183235155028,5.0046924612273385
910.1538461538462,0.0753790429018764,0.101596420607653,75.75757575757575,66.27200390969769,904.0,55.55555555555556,21.0,19.0,84.0,76.0,288.0,92.46837297151929,68.60652581653865,92.41298610043935,4.742147321846467,1843.2200788940163,1361.221719290838,1.35409246911979,57.520785053362566,42.47921494663744,3632.044898283443,427.603100098589,1.0565944395221945,4.876193082050672
820.8484848484849,0.1504516468545222,0.0946166713947535,97.4025974025974,74.82816963009282,848.0,59.05511811023622,26.0,16.0,81.25,50.0,400.0,77.6659513557904,123.49800636349389,77.43384273042376,11.791544278290427,3108.1386134240784,1400.6104659027635,2.219131363851924,68.93571939222052,31.06428060777947,7631.928336904233,3123.17925757739,2.9760148763135343,5.168374993456669
783.5428571428571,0.1305866566395135,0.0841030159266484,97.4025974025974,77.81671765738602,792.0,57.69230769230769,25.0,13.0,73.52941176470588,38.23529411764706,424.0,65.89831739349736,102.32024204805766,65.89453668854439,9.776156636213276,782.3761480848298,821.1368753154053,0.9527962652807582,48.79138096588752,51.20861903411248,2356.628489930652,753.1154665304172,2.8915284583558623,5.014881252655771
953.6,0.0977147942374504,0.0874188983911666,75.75757575757575,63.51016960608371,984.0,52.083333333333336,19.0,9.0,79.16666666666667,37.5,360.0,83.36266150581646,93.1808277848328,83.03948190803912,6.201494784537619,3239.236488916029,1885.327383044008,1.7181294442804038,63.209993471641326,36.79000652835868,5794.615532430408,670.0516604703711,1.956224108287028,5.051561261294576
931.5555555555557,0.1416200471591075,0.1313462750211636,92.5925925925926,65.82333078314099,952.0,52.083333333333336,23.0,15.0,88.46153846153847,57.69230769230769,504.0,122.3563521974929,131.92694170910636,121.79641564473611,10.330068281215892,2614.62821612332,1901.4558739038264,1.375066469859907,57.895915222154414,42.1040847778456,5524.110144684238,1008.026054657092,1.8741870266304848,5.364205268804865
762.0,0.0968815023936858,0.0947573426434278,89.28571428571429,79.42526553353417,750.0,64.1025641025641,24.0,13.0,72.72727272727273,39.39393939393939,264.0,72.20509509429205,73.82370482398858,72.16835739435312,7.210438175853429,2883.740891804031,684.985944548301,4.209927101067236,80.80587346807303,19.19412653192697,4210.694511174481,641.9676748221489,1.7489329450424564,4.875920748369521
951.1724137931036,0.1732643056089373,0.113254458197552,89.28571428571429,65.08789718995946,976.0,50.67567567567568,23.0,17.0,82.14285714285714,60.71428571428572,512.0,107.72451637659567,164.80422779023888,107.14666659894418,11.884557597859088,12062.834257216076,1471.2293258566726,8.199152943197408,89.12943391446187,10.87056608553813,19470.792966962417,5936.729383889672,2.850483598975074,5.433760129512301
992.1538461538462,0.0958578215880538,0.1156312774584506,91.46341463414636,61.12846991874252,990.0,51.02040816326531,21.0,19.0,84.0,76.0,520.0,114.72401666608437,95.1057063725168,114.72122732955744,7.127031642681746,670.2036210383633,1375.7359261750876,0.4871600779531199,32.75774310884082,67.24225689115919,2654.3216004499373,608.3820532364865,1.2802756855270567,5.147409820756821
974.181818181818,0.0829734023475973,0.1238951392557262,78.94736842105263,62.020346948539945,992.0,52.083333333333336,19.0,12.0,90.47619047619048,57.142857142857146,392.0,120.69639202403296,80.8311799597139,120.65790925488322,5.362105573653913,1193.0760788666294,3726.914836595246,0.3201243202961337,24.24955857371998,75.75044142628002,5130.784544342605,210.7936288807296,0.8424299935790577,5.012924698272018
1003.5555555555557,0.0727709332380645,0.0894952765139249,71.42857142857143,60.10652685705352,1016.0,53.191489361702125,25.0,18.0,96.15384615384616,69.23076923076923,288.0,89.81348194153001,73.02967433402215,89.62301057021371,4.484056666506419,1598.6915299761586,978.8604992248902,1.633216920329384,62.023637616800976,37.976362383199024,2926.4636967787364,348.9116675776877,1.246513822596466,4.920659481889546
843.5555555555555,0.15186020908807,0.1647140821424239,98.6842105263158,72.82552907955211,824.0,54.74452554744526,22.0,19.0,84.61538461538461,73.07692307692308,488.0,138.94547906947585,128.1025230440697,138.4263203073973,11.587542614090156,3366.43397111196,2911.94411300556,1.1560778093496096,53.61948461861613,46.380515381383866,6573.839489134275,295.4614050167546,1.5145482704809654,5.382843794660503
671.3846153846154,0.0853310344183361,0.0721702467729962,100.0,89.94555413511335,648.0,71.42857142857143,26.0,9.0,68.42105263157895,23.68421052631579,240.0,48.45399337190084,57.28994372332601,48.18983697639612,6.888344627484749,506.4282421263363,192.53215264710104,2.630356723090228,72.45449755282503,27.54550244717497,1179.0541560736342,480.0937613001968,2.1223990119930267,4.60740980856386
779.1111111111111,0.1390730153148434,0.0815375641878548,98.6842105263158,78.49059541712876,776.0,61.47540983606557,26.0,13.0,74.28571428571429,37.142857142857146,368.0,63.526822231693146,108.35333148752024,63.34522194180982,10.887869224159951,2925.367821174207,635.2472863672982,4.605085112449843,82.15905771388144,17.84094228611856,5154.073829339152,1593.4587217976468,3.220115161527897,5.0269782422512685
900.6896551724138,0.0806586606017951,0.1015214114667114,77.31958762886597,67.04201298257534,912.0,58.13953488372093,26.0,19.0,92.85714285714286,67.85714285714286,256.0,91.43928508656909,72.64842120409965,91.1818098579952,5.395285759145651,1191.018314608899,1633.5195403078594,0.729111764640682,42.1668384629952,57.83316153700482,3029.214103052311,204.6762481355528,1.2035401109966777,4.919161239414153
856.2666666666667,0.1266257235026286,0.0973263242710843,88.23529411764706,71.16367182764036,856.0,56.39097744360903,25.0,18.0,86.20689655172414,62.06896551724138,384.0,83.3372872625205,108.42538617785084,83.13569270002768,8.821788324637803,6423.83309203707,903.1039651506054,7.113060444780357,87.67419512271275,12.32580487728725,10467.275963437458,3140.3389062497827,2.3598974864603286,5.130798130747963
807.7777777777778,0.1029628699826284,0.0881056882169148,90.36144578313252,75.07031423100057,828.0,62.5,28.0,18.0,80.0,51.42857142857143,296.0,71.1698170374412,83.1711183081899,71.1169430715124,7.843085505857368,1938.2088121572276,701.5185594465412,2.7628760295185426,73.42458289469745,26.575417105302545,4067.422424661241,1427.6950530574727,2.0771591740417863,4.937095053212345
927.7333333333332,0.073953692178735,0.0940131206354409,72.11538461538461,64.99944283571928,920.0,53.9568345323741,23.0,19.0,79.3103448275862,65.51724137931035,280.0,87.21910578418644,68.60930535728514,87.2151793833118,4.4961869634861165,1638.3508274195838,1865.4288141647016,0.8782703553087345,46.75952813855552,53.24047186144448,4202.74177549933,698.962133915045,1.1789919748759974,4.871024959274207
896.8571428571429,0.079388499323122,0.0923494039993748,81.52173913043478,67.32145330862105,896.0,56.81818181818182,21.0,16.0,77.77777777777777,59.25925925925926,320.0,82.82422261543934,71.20014267865142,82.51838553084569,5.437599620617659,321.87859772631214,1046.7422988197864,0.3075051023439425,23.518462894919743,76.48153710508025,1548.904098862202,180.28320231610329,1.366628890363178,4.888232445452237
851.5294117647059,0.0908569654353253,0.088691270510197,82.41758241758242,70.99842530665781,840.0,54.34782608695652,25.0,15.0,75.75757575757575,45.45454545454545,376.0,75.52322540621246,77.3673783318688,75.04508592803889,6.059118364546001,361.208362396529,916.8755305349772,0.3939557228512487,28.261709923284865,71.73829007671513,2292.10475388804,1014.0208609565344,1.7670774541062677,4.914354052792772
778.0645161290323,0.1240657363568351,0.0893798270698328,94.9367088607595,78.25330369145904,760.0,61.47540983606557,26.0,15.0,86.66666666666667,50.0,344.0,69.54327190078611,96.53114712667303,69.48138039951583,9.400516502404937,4635.540523255432,2270.430396169852,2.041701225932955,67.12366121056881,32.87633878943118,9244.368712968944,2338.39779354366,2.542315265589046,5.006779525185686
813.8181818181819,0.1053390558516179,0.0879583699061242,94.9367088607595,74.55053602586563,808.0,62.5,29.0,17.0,90.625,53.125,328.0,71.58212067269312,85.72683890760763,71.01408311032397,8.00433657996048,848.4845117036061,676.0681117576335,1.2550281501929246,55.65465557871431,44.345344421285695,1956.4147983539845,431.862174892745,2.15568583387788,4.9531527073967405
914.4,0.0589877589272372,0.0876096553286196,77.31958762886597,65.84682490143452,924.0,60.0,24.0,18.0,82.75862068965517,62.06896551724138,224.0,80.11026883248984,53.93840676306569,80.11026883248984,3.9769247714628153,180.6360484234602,687.7874171709038,0.2626335462292633,20.800456871559746,79.19954312844025,1041.4744365727145,173.05097097835045,0.8664949230065184,4.663472354246528
874.8387096774194,0.0779362718629842,0.1010185737876775,81.52173913043478,68.99177334865328,880.0,58.59375,28.0,21.0,93.33333333333331,70.0,288.0,88.37495874586496,68.18166751368169,88.22959946765157,5.344318899167439,1245.3471709117418,1426.0843254886918,0.8732633468115465,46.61722273581636,53.38277726418366,3024.1586213738988,352.72712497346515,1.144160508616547,4.867528812931688
926.896551724138,0.0726423933701586,0.0997639322900893,75.75757575757575,65.06318740937222,912.0,56.39097744360903,24.0,23.0,85.71428571428571,82.14285714285714,272.0,92.4708448261242,67.3319839237884,92.39621866986656,4.65519301271062,346.8380040820101,1296.7403553325737,0.2674691218297567,21.10261443242343,78.89738556757658,1760.384422015877,116.80606260129312,1.0238803927953857,4.86044187658259
970.8571428571428,0.0785647935538054,0.1052867130523893,72.11538461538461,62.170852054989176,968.0,53.191489361702125,25.0,22.0,92.5925925925926,81.48148148148148,296.0,102.21835741486258,76.2751909988088,102.20289672394532,4.8130984152133,1151.6639856296374,1917.79236582489,0.6005154708884651,37.5201290966036,62.4798709033964,3281.955419391863,212.49906793733524,1.070237072520997,4.967886804095298
929.1428571428572,0.0866322266948248,0.0947544224145422,75.75757575757575,65.03422067598957,912.0,53.191489361702125,24.0,17.0,88.88888888888889,62.96296296296296,336.0,88.04039476916896,80.49371463187728,88.03241702457072,5.419664514464471,762.0709316287275,729.858502137067,1.0441351705807915,51.07955606889372,48.92044393110629,2656.557885590233,1164.6284518244383,1.4900967974542747,4.981980136584607
887.7333333333333,0.090186526160904,0.103337059673367,80.64516129032258,68.11538178733149,870.0,55.14705882352941,23.0,15.0,79.3103448275862,51.72413793103448,344.0,91.73575244070366,80.06158549057325,91.73564874623058,5.987339850232721,3369.100852015886,949.6156615222824,3.547857294829201,78.0116231629129,21.9883768370871,5650.6390155165245,1331.9225019783548,1.393433752916568,4.987492552916685
809.7777777777778,0.1644516736956291,0.1591990355360209,98.6842105263158,76.16017538818922,826.0,59.523809523809526,14.0,8.0,82.3529411764706,47.05882352941177,400.0,128.91584122072453,133.1693108770828,128.8943667716597,13.052543643865764,11184.039210903851,4086.9784062532535,2.7365055792298265,73.23702644634827,26.76297355365173,17681.200805599306,2410.1831884421995,1.737403088393873,5.389787389419604
805.0285714285715,0.1141503287946821,0.0983913435623573,97.4025974025974,75.46201122272284,800.0,56.81818181818182,29.0,20.0,85.29411764705883,58.8235294117647,440.0,79.20784274894234,91.8942761176847,79.16554421592427,8.381341467999313,1422.9302024050012,1762.2845619893887,0.8074349813282703,44.67297522010404,55.327024779895964,3554.955303780272,369.7405393858815,2.0569828444106437,5.026358037034126
